time_s,elapsed_s,gt_sync_span_s,gt_x_m,gt_y_m,gt_yaw_deg,estimate_x_m,estimate_y_m,estimate_yaw_deg,aligned_x_m,aligned_y_m,aligned_yaw_deg,position_error_m,yaw_error_signed_deg,yaw_error_deg,composite_pose_error,joint_accuracy_satisfied,filter_segment_id,original_row_index
1.330000,0.000000,0.030000,4.004483,-1.159771,-157.480,3.952706,-1.223853,-158.156,4.004483,-1.159771,-157.480,0.000000,0.000,0.000,0.000000,1,0,0
1.470000,0.140000,0.070000,4.004489,-1.159769,-157.480,3.952670,-1.223868,-158.157,4.004447,-1.159786,-157.481,0.000046,-0.001,0.001,0.000105,1,0,1
1.620000,0.290000,0.020000,4.004496,-1.159766,-157.480,3.952630,-1.223884,-158.158,4.004407,-1.159802,-157.482,0.000095,-0.002,0.002,0.000305,1,0,2
1.770000,0.440000,0.070000,4.004502,-1.159764,-157.480,3.952591,-1.223899,-158.159,4.004368,-1.159818,-157.483,0.000144,-0.003,0.003,0.000460,1,0,3
1.940000,0.610000,0.040000,4.004510,-1.159761,-157.480,3.952547,-1.223917,-158.161,4.004324,-1.159837,-157.485,0.000201,-0.005,0.005,0.000723,1,0,4
2.130000,0.800000,0.030000,4.004516,-1.159759,-157.480,3.952497,-1.223937,-158.162,4.004275,-1.159857,-157.487,0.000261,-0.006,0.006,0.000933,1,0,5
2.310000,0.980000,0.010000,4.004525,-1.159756,-157.481,3.952450,-1.223956,-158.163,4.004228,-1.159877,-157.488,0.000320,-0.007,0.007,0.001105,1,0,6
2.490000,1.160000,0.090000,4.004531,-1.159753,-157.481,3.952403,-1.223975,-158.164,4.004181,-1.159896,-157.488,0.000378,-0.008,0.008,0.001247,1,0,7
2.670000,1.340000,0.070000,4.004539,-1.159750,-157.481,3.952356,-1.223994,-158.165,4.004135,-1.159915,-157.490,0.000437,-0.009,0.009,0.001437,1,0,8
2.860000,1.530000,0.060000,4.004548,-1.159747,-157.481,3.952307,-1.224013,-158.167,4.004085,-1.159936,-157.491,0.000499,-0.011,0.011,0.001686,1,0,9
3.050000,1.720000,0.050000,4.004552,-1.159682,-157.309,3.952269,-1.224028,-157.991,4.004048,-1.159951,-157.315,0.000572,-0.006,0.006,0.001164,1,0,10
3.240000,1.910000,0.040000,4.004416,-1.159099,-155.615,3.952277,-1.224025,-156.409,4.004056,-1.159948,-155.733,0.000922,-0.118,0.118,0.016670,1,0,11
3.440000,2.110000,0.040000,4.004119,-1.158299,-153.174,3.952287,-1.224021,-153.035,4.004066,-1.159943,-152.360,0.001646,0.814,0.814,0.115183,1,0,12
3.630000,2.300000,0.030000,4.003544,-1.157044,-149.224,3.952295,-1.224016,-149.249,4.004074,-1.159939,-148.574,0.002943,0.650,0.650,0.092023,1,0,13
3.820000,2.490000,0.020000,4.002879,-1.155827,-145.255,3.952303,-1.224011,-145.462,4.004082,-1.159933,-144.786,0.004279,0.469,0.469,0.066578,1,0,14
4.010000,2.680000,0.010000,4.002129,-1.154661,-141.287,3.952310,-1.224006,-141.676,4.004089,-1.159928,-141.000,0.005620,0.287,0.287,0.041311,1,0,15
4.200000,2.870000,0.000000,4.001300,-1.153551,-137.319,3.952316,-1.224000,-137.890,4.004095,-1.159923,-137.214,0.006958,0.105,0.105,0.017810,1,0,16
4.390000,3.060000,0.100000,4.000417,-1.152527,-133.450,3.952322,-1.223995,-134.104,4.004100,-1.159917,-133.428,0.008258,0.022,0.022,0.012075,1,0,17
4.590000,3.260000,0.100000,3.999441,-1.151541,-129.482,3.952327,-1.223989,-130.118,4.004106,-1.159911,-129.443,0.009582,0.040,0.040,0.014664,1,0,18
4.790000,3.460000,0.090000,3.998640,-1.150825,-126.407,4.052992,-1.173724,-126.013,4.104171,-1.108462,-125.337,0.113716,1.070,1.070,0.220810,1,0,19
4.980000,3.650000,0.080000,3.997550,-1.149966,-122.440,4.052996,-1.173718,-122.226,4.104175,-1.108457,-121.551,0.114419,0.889,0.889,0.204934,1,0,20
5.180000,3.850000,0.080000,3.996404,-1.149184,-118.472,4.053000,-1.173712,-118.241,4.104178,-1.108450,-117.565,0.115215,0.907,0.907,0.207379,1,0,21
5.370000,4.040000,0.070000,3.995206,-1.148482,-114.505,4.053002,-1.173706,-114.454,4.104181,-1.108445,-113.778,0.116097,0.726,0.726,0.193653,1,0,22
5.570000,4.240000,0.070000,3.993963,-1.147864,-110.537,4.053005,-1.173700,-110.469,4.104183,-1.108438,-109.793,0.117059,0.744,0.744,0.196140,1,0,23
5.770000,4.440000,0.070000,3.992681,-1.147332,-106.569,4.053007,-1.173694,-106.483,4.104185,-1.108432,-105.807,0.118095,0.762,0.762,0.198742,1,0,24
5.970000,4.640000,0.070000,3.991365,-1.146890,-102.601,4.053009,-1.173687,-102.497,4.104187,-1.108426,-101.822,0.119198,0.779,0.779,0.201411,1,0,25
6.160000,4.830000,0.060000,3.990022,-1.146538,-98.633,4.052969,-1.173742,-99.468,4.104148,-1.108481,-98.793,0.120304,-0.160,0.160,0.171636,1,0,26
6.360000,5.030000,0.060000,3.988658,-1.146277,-94.663,4.052970,-1.173736,-95.483,4.104149,-1.108475,-94.807,0.121520,-0.144,0.144,0.173059,1,0,27
6.560000,5.230000,0.060000,3.987278,-1.146119,-90.692,4.052970,-1.173734,-91.497,4.104149,-1.108472,-90.821,0.122785,-0.129,0.129,0.174596,1,0,28
6.750000,5.420000,0.050000,3.985890,-1.146062,-86.721,4.052970,-1.173738,-87.710,4.104149,-1.108477,-87.035,0.124088,-0.314,0.314,0.181012,1,0,29
6.950000,5.620000,0.050000,3.984706,-1.146691,-83.063,4.053066,-1.174721,-84.037,4.104257,-1.109458,-83.361,0.125214,-0.298,0.298,0.182030,1,0,30
7.140000,5.810000,0.040000,3.985104,-1.155880,-80.119,4.054215,-1.183349,-81.215,4.105507,-1.118072,-80.539,0.126200,-0.420,0.420,0.188115,1,0,31
7.340000,6.010000,0.040000,3.987959,-1.174840,-77.273,4.057587,-1.202009,-78.363,4.109099,-1.136692,-77.688,0.127005,-0.415,0.415,0.188950,1,0,32
7.540000,6.210000,0.040000,3.994205,-1.203332,-74.422,4.064137,-1.230228,-75.508,4.115981,-1.164831,-74.833,0.127717,-0.411,0.411,0.189723,1,0,33
7.740000,6.410000,0.040000,4.001630,-1.230631,-72.284,4.074807,-1.267717,-72.647,4.127093,-1.202192,-71.971,0.128645,0.313,0.313,0.187241,1,0,34
7.940000,6.610000,0.040000,4.015990,-1.274778,-69.275,4.090534,-1.313847,-69.575,4.143362,-1.248134,-68.899,0.130130,0.375,0.375,0.191532,1,0,35
8.130000,6.800000,0.030000,4.036580,-1.327588,-65.831,4.122335,-1.319874,-65.647,4.175233,-1.253785,-64.971,0.157071,0.859,0.859,0.253187,1,0,36
8.330000,7.000000,0.030000,4.063816,-1.386097,-62.512,4.151181,-1.379036,-62.552,4.204774,-1.312603,-61.876,0.158967,0.635,0.635,0.242100,1,0,37
8.520000,7.190000,0.020000,4.095944,-1.446756,-60.476,4.182117,-1.436565,-60.625,4.236386,-1.369763,-59.949,0.160162,0.527,0.527,0.238428,1,0,38
8.710000,7.380000,0.010000,4.130020,-1.505736,-57.944,4.214999,-1.492450,-58.192,4.269925,-1.425256,-57.516,0.161401,0.428,0.428,0.236159,1,0,39
8.910000,7.580000,0.010000,4.166970,-1.563380,-55.065,4.252553,-1.549910,-55.302,4.308154,-1.482270,-54.626,0.162824,0.439,0.439,0.238474,1,0,40
9.110000,7.780000,0.010000,4.207367,-1.619834,-52.070,4.293586,-1.606135,-52.305,4.349847,-1.538007,-51.629,0.164306,0.441,0.441,0.240590,1,0,41
9.310000,7.980000,0.010000,4.251078,-1.674625,-48.988,4.337917,-1.660605,-49.212,4.394817,-1.591950,-48.537,0.165819,0.451,0.451,0.243025,1,0,42
9.500000,8.170000,0.000000,4.297725,-1.727001,-45.762,4.382771,-1.710045,-46.142,4.440251,-1.640858,-45.466,0.166536,0.296,0.296,0.239217,1,0,43
9.700000,8.370000,0.100000,4.347234,-1.776611,-42.445,4.432785,-1.759335,-42.824,4.490842,-1.689555,-42.149,0.167935,0.297,0.297,0.241176,1,0,44
9.890000,8.560000,0.100000,4.397967,-1.821946,-39.150,4.482663,-1.803209,-39.615,4.541235,-1.732838,-38.939,0.168719,0.211,0.211,0.240462,1,0,45
10.090000,8.760000,0.100000,4.451664,-1.864616,-35.677,4.536834,-1.845548,-36.147,4.595902,-1.774534,-35.471,0.170056,0.207,0.207,0.242264,1,0,46
10.290000,8.960000,0.090000,4.494414,-1.894918,-32.912,4.594000,-1.889474,-32.862,4.653581,-1.817783,-32.187,0.176873,0.725,0.725,0.270348,1,0,47
10.480000,9.150000,0.080000,4.551724,-1.931054,-29.507,4.649036,-1.922947,-29.617,4.709008,-1.850605,-28.941,0.176664,0.566,0.566,0.262363,1,0,48
10.670000,9.340000,0.070000,4.611246,-1.963828,-26.221,4.706047,-1.953437,-26.487,4.766375,-1.880421,-25.812,0.176130,0.409,0.409,0.255722,1,0,49
10.860000,9.530000,0.060000,4.673652,-1.993619,-23.222,4.765830,-1.981443,-23.672,4.826483,-1.907720,-22.996,0.175317,0.227,0.227,0.249997,1,0,50
11.040000,9.710000,0.040000,4.739052,-2.020858,-20.645,4.824850,-2.005949,-21.352,4.885789,-1.931529,-20.676,0.171789,-0.032,0.032,0.242987,1,0,51
11.240000,9.910000,0.040000,4.806401,-2.045502,-18.062,4.892282,-2.030722,-18.776,4.953508,-1.955504,-18.100,0.172452,-0.038,0.038,0.243944,1,0,52
11.440000,10.110000,0.040000,4.858578,-2.062225,-16.222,4.962310,-2.052920,-16.397,5.023793,-1.976874,-15.721,0.185959,0.501,0.501,0.272360,1,0,53
11.640000,10.310000,0.040000,4.931263,-2.082763,-14.499,5.035507,-2.073417,-14.760,5.097227,-1.996508,-14.084,0.187040,0.415,0.415,0.270944,1,0,54
11.830000,10.500000,0.030000,5.005351,-2.101420,-12.981,5.106239,-2.091214,-13.352,5.168163,-2.013469,-12.677,0.185050,0.304,0.304,0.265209,1,0,55
12.030000,10.700000,0.030000,5.081650,-2.118562,-11.986,5.182926,-2.108796,-12.469,5.245052,-2.030145,-11.793,0.185790,0.193,0.193,0.264162,1,0,56
12.230000,10.900000,0.030000,5.159526,-2.134915,-11.573,5.207562,-2.098368,-12.980,5.269564,-2.019428,-12.305,0.159517,-0.732,0.732,0.248199,1,0,57
12.430000,11.100000,0.030000,5.236781,-2.150875,-11.929,5.284570,-2.116547,-13.331,5.346781,-2.036697,-12.656,0.158545,-0.727,0.727,0.246644,1,0,58
12.630000,11.300000,0.030000,5.314382,-2.167317,-12.066,5.361777,-2.135049,-13.492,5.424201,-2.054288,-12.816,0.157593,-0.750,0.750,0.246823,1,0,59
12.820000,11.490000,0.020000,5.391334,-2.183908,-12.521,5.434591,-2.152926,-13.921,5.497221,-2.071305,-13.245,0.154568,-0.724,0.724,0.241384,1,0,60
13.020000,11.690000,0.020000,5.469110,-2.201252,-12.622,5.512093,-2.172325,-13.980,5.574946,-2.089789,-13.304,0.153705,-0.682,0.682,0.237822,1,0,61
13.220000,11.890000,0.020000,5.546481,-2.218557,-12.771,5.588955,-2.191639,-14.184,5.652030,-2.108195,-13.508,0.152710,-0.737,0.737,0.239798,1,0,62
13.410000,12.080000,0.010000,5.622085,-2.235967,-13.644,5.660350,-2.210370,-15.041,5.723641,-2.126083,-14.366,0.149627,-0.721,0.721,0.234913,1,0,63
13.610000,12.280000,0.010000,5.696794,-2.254345,-14.574,5.734539,-2.231008,-15.977,5.798068,-2.145844,-15.301,0.148422,-0.728,0.728,0.233771,1,0,64
13.810000,12.480000,0.010000,5.767308,-2.273137,-16.670,5.804198,-2.252365,-18.147,5.867974,-2.166378,-17.471,0.146735,-0.802,0.802,0.236470,1,0,65
14.010000,12.680000,0.010000,5.834875,-2.294050,-19.355,5.870894,-2.276021,-20.844,5.934944,-2.189247,-20.168,0.144905,-0.813,0.813,0.234974,1,0,66
14.210000,12.880000,0.010000,5.898316,-2.316941,-22.453,5.981892,-2.304559,-23.325,6.046271,-2.216474,-22.650,0.178842,-0.197,0.197,0.254446,1,0,67
14.400000,13.070000,0.000000,5.958426,-2.342813,-26.336,6.038253,-2.331253,-27.017,6.102943,-2.242502,-26.341,0.175919,-0.006,0.006,0.248788,1,0,68
14.600000,13.270000,0.100000,6.018862,-2.373765,-29.717,6.097852,-2.364124,-30.386,6.162926,-2.274668,-29.711,0.174856,0.006,0.006,0.247285,1,0,69
14.800000,13.470000,0.000000,6.079632,-2.409310,-32.579,6.157746,-2.401400,-33.242,6.223255,-2.311234,-32.566,0.173916,0.013,0.013,0.245960,1,0,70
14.990000,13.660000,0.100000,6.137908,-2.447402,-35.375,6.213635,-2.440081,-35.959,6.279596,-2.349253,-35.283,0.172363,0.092,0.092,0.244104,1,0,71
15.180000,13.850000,0.080000,6.183558,-2.480190,-37.544,6.268510,-2.482039,-38.623,6.334963,-2.390561,-37.947,0.175944,-0.403,0.403,0.255279,1,0,72
15.380000,14.050000,0.080000,6.241661,-2.525884,-40.144,6.325423,-2.529842,-41.169,6.392435,-2.437690,-40.493,0.174674,-0.350,0.350,0.251926,1,0,73
15.570000,14.240000,0.070000,6.298872,-2.575133,-42.179,6.378818,-2.578367,-43.008,6.446399,-2.485582,-42.332,0.172580,-0.153,0.153,0.245022,1,0,74
15.770000,14.440000,0.070000,6.355819,-2.627366,-43.452,6.434809,-2.631928,-44.239,6.503017,-2.538479,-43.564,0.171954,-0.112,0.112,0.243692,1,0,75
15.970000,14.640000,0.070000,6.412276,-2.681300,-44.251,6.490455,-2.687035,-44.997,6.559309,-2.592926,-44.322,0.171548,-0.070,0.070,0.242808,1,0,76
16.170000,14.840000,0.070000,6.468323,-2.736121,-44.969,6.461146,-2.681995,-45.449,6.529943,-2.588233,-44.773,0.160213,0.196,0.196,0.228268,1,0,77
16.360000,15.030000,0.060000,6.522568,-2.790850,-45.447,6.512219,-2.734605,-45.766,6.581632,-2.640236,-45.091,0.161781,0.357,0.357,0.234294,1,0,78
16.560000,15.230000,0.060000,6.576963,-2.845785,-44.521,6.566601,-2.789802,-44.808,6.636662,-2.694788,-44.133,0.162370,0.388,0.388,0.236089,1,0,79
16.760000,15.430000,0.060000,6.632966,-2.900383,-43.657,6.622594,-2.844706,-43.963,6.693298,-2.749028,-43.287,0.162937,0.369,0.369,0.236276,1,0,80
16.950000,15.620000,0.050000,6.690414,-2.954886,-43.135,6.677039,-2.896869,-43.477,6.748354,-2.800546,-42.801,0.164858,0.334,0.334,0.237879,1,0,81
17.150000,15.820000,0.050000,6.748476,-3.009126,-42.940,6.734848,-2.951590,-43.281,6.806805,-2.854581,-42.605,0.165186,0.335,0.335,0.238364,1,0,82
17.350000,16.020000,0.050000,6.806339,-3.062973,-42.997,6.792403,-3.005980,-43.338,6.864997,-2.908288,-42.662,0.165433,0.335,0.335,0.238712,1,0,83
17.550000,16.220000,0.050000,6.863928,-3.116746,-43.195,6.849651,-3.060328,-43.534,6.922882,-2.961958,-42.858,0.165635,0.337,0.337,0.239046,1,0,84
17.740000,16.410000,0.040000,6.921238,-3.170677,-43.477,6.903758,-3.112119,-43.799,6.977596,-3.013107,-43.123,0.167345,0.354,0.354,0.241889,1,0,85
17.940000,16.610000,0.040000,6.964090,-3.211362,-43.698,6.960510,-3.166985,-44.094,7.034990,-3.067300,-43.419,0.160563,0.279,0.279,0.230474,1,0,86
18.140000,16.810000,0.040000,7.021045,-3.265930,-43.993,7.017060,-3.222226,-44.384,7.092188,-3.121870,-43.708,0.160669,0.285,0.285,0.230756,1,0,87
18.330000,17.000000,0.030000,7.077836,-3.320897,-44.260,7.070653,-3.275074,-44.624,7.146401,-3.174082,-43.948,0.162036,0.312,0.312,0.233354,1,0,88
18.530000,17.200000,0.030000,7.134558,-3.376273,-44.462,7.127011,-3.331064,-44.816,7.203416,-3.229404,-44.141,0.162209,0.322,0.322,0.233867,1,0,89
18.720000,17.390000,0.020000,7.191208,-3.431949,-44.618,7.215906,-3.436888,-45.263,7.293552,-3.334172,-44.587,0.141544,0.031,0.031,0.200220,1,0,90
18.920000,17.590000,0.020000,7.246730,-3.486470,-43.817,7.271131,-3.491992,-44.392,7.349423,-3.388622,-43.717,0.141846,0.100,0.100,0.201102,1,0,91
19.120000,17.790000,0.020000,7.303824,-3.540908,-43.229,7.327900,-3.547154,-43.845,7.406838,-3.443110,-43.170,0.142043,0.059,0.059,0.201053,1,0,92
19.320000,17.990000,0.020000,7.361878,-3.595285,-42.921,7.385469,-3.602297,-43.562,7.465054,-3.497571,-42.886,0.142104,0.035,0.035,0.201026,1,0,93
19.510000,18.180000,0.010000,7.420065,-3.649322,-42.843,7.440177,-3.654397,-43.501,7.520372,-3.549022,-42.825,0.141851,0.018,0.018,0.200623,1,0,94
19.720000,18.390000,0.020000,7.473082,-3.698435,-42.808,7.494588,-3.706092,-43.425,7.575389,-3.600071,-42.750,0.141923,0.059,0.059,0.200880,1,0,95
19.910000,18.580000,0.010000,7.518802,-3.740805,-42.932,7.537074,-3.746555,-43.548,7.618350,-3.640031,-42.872,0.141652,0.060,0.060,0.200503,1,0,96
20.110000,18.780000,0.010000,7.557123,-3.776470,-43.128,7.574568,-3.782462,-43.747,7.656264,-3.675493,-43.071,0.141512,0.057,0.057,0.200292,1,0,97
20.300000,18.970000,0.000000,7.588043,-3.805431,-43.381,7.603318,-3.810209,-43.987,7.685339,-3.702899,-43.311,0.141348,0.070,0.070,0.200139,1,0,98
20.500000,19.170000,0.000000,7.616338,-3.832166,-43.662,7.631291,-3.837457,-44.265,7.713631,-3.729816,-43.590,0.141215,0.072,0.072,0.199966,1,0,99
20.690000,19.360000,0.100000,7.643779,-3.858349,-43.951,7.657721,-3.863456,-44.546,7.740366,-3.755501,-43.870,0.141091,0.081,0.081,0.199859,1,0,100
20.890000,19.560000,0.100000,7.671841,-3.885495,-43.991,7.641768,-3.858632,-44.565,7.724357,-3.750865,-43.889,0.144510,0.102,0.102,0.204875,1,0,101
21.090000,19.760000,0.100000,7.700231,-3.912903,-43.562,7.670039,-3.886336,-44.134,7.752954,-3.778234,-43.458,0.144622,0.104,0.104,0.205051,1,0,102
21.290000,19.960000,0.090000,7.722508,-3.934120,-43.275,7.698685,-3.914016,-43.767,7.781923,-3.805574,-43.092,0.141613,0.184,0.184,0.201949,1,0,103
21.490000,20.160000,0.090000,7.741100,-3.951549,-43.038,7.710538,-3.925372,-43.602,7.793909,-3.816790,-42.926,0.144737,0.112,0.112,0.205296,1,0,104
21.690000,20.360000,0.090000,7.741094,-3.951543,-43.038,7.710582,-3.925415,-43.602,7.793955,-3.816832,-42.926,0.144711,0.112,0.112,0.205261,1,0,105
21.890000,20.560000,0.090000,7.741088,-3.951538,-43.038,7.710628,-3.925458,-43.600,7.794000,-3.816875,-42.925,0.144685,0.113,0.113,0.205239,1,0,106
22.080000,20.750000,0.080000,7.741083,-3.951533,-43.038,7.710671,-3.925499,-43.598,7.794044,-3.816915,-42.923,0.144661,0.115,0.115,0.205226,1,0,107
22.280000,20.950000,0.080000,7.741078,-3.951528,-43.038,7.710716,-3.925542,-43.595,7.794089,-3.816958,-42.920,0.144636,0.118,0.118,0.205225,1,0,108
22.480000,21.150000,0.080000,7.741073,-3.951524,-43.038,7.710761,-3.925585,-43.595,7.794135,-3.817000,-42.919,0.144610,0.118,0.118,0.205192,1,0,109
22.670000,21.340000,0.070000,7.741067,-3.951519,-43.038,7.710804,-3.925626,-43.593,7.794179,-3.817041,-42.918,0.144586,0.120,0.120,0.205179,1,0,110
22.870000,21.540000,0.070000,7.741075,-3.951487,-43.123,7.753164,-3.923934,-43.500,7.836516,-3.814849,-42.825,0.166670,0.298,0.298,0.239446,1,0,111
23.060000,21.730000,0.060000,7.741408,-3.951009,-44.775,7.753159,-3.923929,-45.223,7.836511,-3.814844,-44.547,0.166088,0.228,0.228,0.237086,1,0,112
23.260000,21.930000,0.060000,7.742209,-3.950121,-48.195,7.753154,-3.923923,-48.723,7.836505,-3.814838,-48.048,0.164903,0.147,0.147,0.234135,1,0,113
23.460000,22.130000,0.060000,7.743215,-3.949163,-52.167,7.753149,-3.923917,-52.711,7.836501,-3.814833,-52.036,0.163545,0.131,0.131,0.232032,1,0,114
23.650000,22.320000,0.050000,7.744285,-3.948278,-56.139,7.753145,-3.923912,-56.500,7.836497,-3.814827,-55.824,0.162210,0.314,0.314,0.233671,1,0,115
23.850000,22.520000,0.050000,7.745413,-3.947468,-60.111,7.753142,-3.923906,-60.488,7.836493,-3.814822,-59.813,0.160905,0.298,0.298,0.231422,1,0,116
24.040000,22.710000,0.040000,7.746595,-3.946737,-64.083,7.753139,-3.923901,-64.278,7.836490,-3.814816,-63.602,0.159638,0.481,0.481,0.235768,1,0,117
24.240000,22.910000,0.040000,7.747513,-3.946243,-67.061,7.753136,-3.923895,-68.265,7.836487,-3.814810,-67.590,0.158717,-0.528,0.528,0.236564,1,0,118
24.430000,23.100000,0.030000,7.748774,-3.945659,-71.033,7.753134,-3.923889,-72.055,7.836485,-3.814805,-71.379,0.157532,-0.346,0.346,0.228086,1,0,119
24.630000,23.300000,0.030000,7.750072,-3.945163,-75.005,7.752960,-3.873729,-75.662,7.835720,-3.764650,-74.986,0.199801,0.019,0.019,0.282574,1,0,120
24.820000,23.490000,0.020000,7.751401,-3.944757,-78.977,7.752959,-3.873723,-79.450,7.835719,-3.764644,-78.774,0.198872,0.203,0.203,0.282709,1,0,121
25.030000,23.700000,0.030000,7.752755,-3.944442,-82.950,7.752958,-3.873717,-83.637,7.835718,-3.764638,-82.961,0.198021,-0.011,0.011,0.280048,1,0,122
25.210000,23.880000,0.010000,7.754128,-3.944222,-86.924,7.752958,-3.873714,-87.226,7.835717,-3.764635,-86.550,0.197252,0.374,0.374,0.283922,1,0,123
25.390000,24.060000,0.100000,7.755478,-3.944118,-90.801,7.752958,-3.873717,-90.817,7.835717,-3.764639,-90.141,0.196599,0.660,0.660,0.293275,1,0,124
25.570000,24.240000,0.070000,7.756556,-3.944079,-93.882,7.752958,-3.873716,-94.407,7.835717,-3.764637,-93.731,0.196127,0.151,0.151,0.278184,1,0,125
25.760000,24.430000,0.060000,7.757947,-3.944101,-97.856,7.752959,-3.873706,-98.196,7.835718,-3.764628,-97.520,0.195599,0.336,0.336,0.280666,1,0,126
25.960000,24.630000,0.060000,7.759332,-3.944226,-101.829,7.752961,-3.873696,-102.183,7.835720,-3.764617,-101.507,0.195179,0.322,0.322,0.279749,1,0,127
26.150000,24.820000,0.050000,7.760703,-3.944449,-105.801,7.752964,-3.873685,-105.971,7.835723,-3.764607,-105.296,0.194862,0.506,0.506,0.284701,1,0,128
26.350000,25.020000,0.050000,7.762055,-3.944769,-109.774,7.752967,-3.873675,-109.959,7.835726,-3.764596,-109.283,0.194653,0.491,0.491,0.283895,1,0,129
26.540000,25.210000,0.040000,7.763052,-3.945072,-112.754,7.752977,-3.923719,-113.038,7.836326,-3.814637,-112.362,0.149608,0.391,0.391,0.218701,1,0,130
26.730000,25.400000,0.030000,7.764354,-3.945558,-116.726,7.752981,-3.923710,-116.827,7.836330,-3.814628,-116.151,0.149410,0.575,0.575,0.226398,1,0,131
26.910000,25.580000,0.010000,7.765617,-3.946135,-120.699,7.752985,-3.923703,-120.416,7.836334,-3.814620,-119.740,0.149322,0.958,0.958,0.250933,1,0,132
27.050000,25.720000,0.050000,7.766536,-3.946626,-123.678,7.752989,-3.923697,-123.207,7.836338,-3.814614,-122.532,0.149330,1.146,1.146,0.266245,1,0,133
27.230000,25.900000,0.030000,7.767427,-3.947165,-126.658,7.752993,-3.923690,-126.796,7.836342,-3.814608,-126.121,0.149401,0.537,0.537,0.224517,1,0,134
27.390000,26.060000,0.090000,7.768289,-3.947750,-129.637,7.752998,-3.923685,-129.987,7.836346,-3.814602,-129.311,0.149534,0.326,0.326,0.216432,1,0,135
27.580000,26.250000,0.080000,7.769387,-3.948601,-133.609,7.753003,-3.923679,-133.775,7.836352,-3.814596,-133.100,0.149804,0.509,0.509,0.223758,1,0,136
27.770000,26.440000,0.070000,7.770424,-3.949526,-137.581,7.753008,-3.923674,-137.565,7.836357,-3.814591,-136.889,0.150182,0.692,0.692,0.233833,1,0,137
27.940000,26.610000,0.040000,7.771393,-3.950521,-141.553,7.753013,-3.923669,-140.954,7.836362,-3.814587,-140.279,0.150662,1.274,1.274,0.279047,1,0,138
28.120000,26.790000,0.020000,7.772074,-3.951310,-144.532,7.753019,-3.923665,-144.545,7.836367,-3.814582,-143.869,0.151090,0.662,0.662,0.233307,1,0,139
28.320000,26.990000,0.020000,7.772916,-3.952416,-148.503,7.702977,-3.973742,-148.461,7.786920,-3.865245,-147.785,0.088289,0.718,0.718,0.160954,1,0,140
28.520000,27.190000,0.020000,7.773680,-3.953577,-152.475,7.702983,-3.973738,-152.450,7.786926,-3.865242,-151.774,0.089323,0.701,0.701,0.160559,1,0,141
28.710000,27.380000,0.010000,7.774362,-3.954788,-156.447,7.702989,-3.973735,-156.239,7.786932,-3.865239,-155.563,0.090427,0.884,0.884,0.178804,1,0,142
28.910000,27.580000,0.010000,7.774960,-3.956043,-160.418,7.702995,-3.973733,-160.227,7.786938,-3.865237,-159.551,0.091593,0.867,0.867,0.178385,1,0,143
29.110000,27.780000,0.010000,7.775471,-3.957336,-164.390,7.703001,-3.973731,-164.214,7.786944,-3.865234,-163.539,0.092814,0.851,0.851,0.178099,1,0,144
29.300000,27.970000,0.000000,7.775891,-3.958661,-168.362,7.703007,-3.973730,-168.004,7.786949,-3.865233,-167.328,0.094080,1.034,1.034,0.197702,1,0,145
29.500000,28.170000,0.100000,7.776220,-3.960012,-172.335,7.703013,-3.973729,-171.991,7.786955,-3.865232,-171.315,0.095386,1.019,1.019,0.197413,1,0,146
29.690000,28.360000,0.090000,7.776408,-3.961038,-175.315,7.703017,-3.973728,-175.780,7.786960,-3.865231,-175.105,0.096386,0.210,0.210,0.139505,1,0,147
29.890000,28.560000,0.090000,7.776566,-3.962419,-179.290,7.703019,-3.973728,-179.770,7.786962,-3.865231,-179.094,0.097742,0.196,0.196,0.140971,1,0,148
30.080000,28.750000,0.080000,7.776622,-3.963808,176.734,7.703015,-3.973728,176.440,7.786957,-3.865231,177.116,0.099117,0.382,0.382,0.150211,1,0,149
30.270000,28.940000,0.070000,7.776615,-3.965200,172.760,7.652979,-4.023749,172.020,7.737515,-3.915839,172.696,0.062970,-0.064,0.064,0.089514,1,0,150
30.460000,29.130000,0.060000,7.776505,-3.966585,168.787,7.652989,-4.023751,168.232,7.737525,-3.915841,168.908,0.063988,0.121,0.121,0.092101,1,0,151
30.660000,29.330000,0.060000,7.776297,-3.967959,164.814,7.653000,-4.023754,164.246,7.737536,-3.915843,164.921,0.064950,0.108,0.108,0.093103,1,0,152
30.850000,29.520000,0.050000,7.775991,-3.969314,160.841,7.653010,-4.023757,160.457,7.737545,-3.915846,161.133,0.065855,0.292,0.292,0.101870,1,0,153
31.040000,29.710000,0.040000,7.775699,-3.970314,157.861,7.653019,-4.023760,156.669,7.737554,-3.915850,157.345,0.066494,-0.516,0.516,0.119062,1,0,154
31.240000,29.910000,0.040000,7.775228,-3.971620,153.888,7.653028,-4.023765,152.681,7.737563,-3.915854,153.357,0.067294,-0.532,0.532,0.121273,1,0,155
31.430000,30.100000,0.030000,7.774665,-3.972889,149.916,7.653035,-4.023769,148.893,7.737571,-3.915858,149.568,0.068032,-0.347,0.347,0.108013,1,0,156
31.620000,30.290000,0.020000,7.774013,-3.974114,145.943,7.653043,-4.023774,145.104,7.737579,-3.915863,145.780,0.068707,-0.163,0.163,0.099858,1,0,157
31.820000,30.490000,0.020000,7.771786,-3.974213,141.798,7.651067,-4.022235,140.868,7.735585,-3.914348,141.544,0.069960,-0.254,0.254,0.105265,1,0,158
32.010000,30.680000,0.010000,7.761980,-3.968329,135.752,7.642387,-4.014339,134.998,7.726812,-3.906554,135.674,0.071084,-0.078,0.078,0.101126,1,0,159
32.190000,30.860000,0.100000,7.746488,-3.954588,129.370,7.629430,-3.999811,129.116,7.713685,-3.892180,129.791,0.070504,0.421,0.421,0.116130,1,0,160
32.390000,31.060000,0.100000,7.726458,-3.930606,124.030,7.620421,-3.884007,124.729,7.703311,-3.776491,125.404,0.155844,1.374,1.374,0.293863,1,0,161
32.590000,31.260000,0.090000,7.708750,-3.904704,121.170,7.598015,-3.849094,121.193,7.680495,-3.741844,121.868,0.165292,0.698,0.698,0.253760,1,0,162
32.770000,31.440000,0.070000,7.683787,-3.862891,118.996,7.575161,-3.809743,119.509,7.657179,-3.702766,120.184,0.162321,1.189,1.189,0.284513,1,0,163
32.970000,31.640000,0.070000,7.655403,-3.811301,118.703,7.545768,-3.757263,119.418,7.627169,-3.650636,120.094,0.163127,1.391,1.391,0.303190,1,0,164
33.170000,31.840000,0.070000,7.624867,-3.755826,120.310,7.513961,-3.702439,121.167,7.594718,-3.596190,121.842,0.162458,1.533,1.533,0.315862,1,0,165
33.360000,32.030000,0.060000,7.591738,-3.700230,123.702,7.480604,-3.650490,124.434,7.560750,-3.544639,125.109,0.158647,1.407,1.407,0.299901,1,0,166
33.560000,32.230000,0.060000,7.554474,-3.646277,128.302,7.441035,-3.597764,129.015,7.520562,-3.492383,129.690,0.157586,1.388,1.388,0.296986,1,0,167
33.750000,32.420000,0.050000,7.511049,-3.592990,132.485,7.398006,-3.548444,132.988,7.476955,-3.443574,133.664,0.153257,1.179,1.179,0.273429,1,0,168
33.950000,32.620000,0.050000,7.461381,-3.540519,135.833,7.346803,-3.497152,136.406,7.425150,-3.392889,137.081,0.152011,1.248,1.248,0.278123,1,0,169
34.140000,32.810000,0.040000,7.420367,-3.501052,137.540,7.293379,-3.448201,138.469,7.371152,-3.344571,139.145,0.164038,1.605,1.605,0.324576,1,0,170
34.310000,32.980000,0.010000,7.362326,-3.448686,138.981,7.242877,-3.404401,139.624,7.320138,-3.301369,140.300,0.153238,1.319,1.319,0.285913,1,0,171
34.490000,33.160000,0.090000,7.317486,-3.409824,139.443,7.188358,-3.358472,140.107,7.265081,-3.256086,140.783,0.162424,1.339,1.339,0.297729,1,0,172
34.680000,33.350000,0.080000,7.258127,-3.359166,139.522,7.131545,-3.311020,140.068,7.207713,-3.209308,140.744,0.158110,1.221,1.221,0.282548,1,0,173
34.880000,33.550000,0.080000,7.199631,-3.309133,139.079,7.072690,-3.261379,139.568,7.148276,-3.160364,140.243,0.157383,1.165,1.165,0.276892,1,0,174
35.060000,33.730000,0.060000,7.141935,-3.258828,138.321,7.020417,-3.216300,138.870,7.095475,-3.115905,139.545,0.150285,1.224,1.224,0.274101,1,0,175
35.240000,33.910000,0.040000,7.087151,-3.209808,136.807,6.968350,-3.230459,136.731,7.043579,-3.130677,137.407,0.090334,0.600,0.600,0.153364,1,0,176
35.440000,34.110000,0.040000,7.034571,-3.159340,133.919,6.916538,-3.179188,133.860,6.991166,-3.080021,134.535,0.090419,0.617,0.617,0.154774,1,0,177
35.640000,34.310000,0.040000,6.995555,-3.118323,132.101,6.865232,-3.123288,131.506,6.939204,-3.024730,132.182,0.109248,0.081,0.081,0.154927,1,0,178
35.840000,34.510000,0.040000,6.943845,-3.060095,130.483,6.814045,-3.063706,130.090,6.887318,-2.965755,130.765,0.109979,0.282,0.282,0.160554,1,0,179
36.030000,34.700000,0.030000,6.892779,-2.999753,129.819,6.766110,-3.006058,129.598,6.838707,-2.908676,130.274,0.105918,0.454,0.454,0.162994,1,0,180
36.230000,34.900000,0.030000,6.843158,-2.940164,129.908,6.716699,-2.946347,129.784,6.788595,-2.849552,130.460,0.105771,0.552,0.552,0.168741,1,0,181
36.420000,35.090000,0.020000,6.793877,-2.881498,130.525,6.669809,-2.890567,130.400,6.741051,-2.794330,131.076,0.101926,0.551,0.551,0.163861,1,0,182
36.610000,35.280000,0.010000,6.745122,-2.824759,131.682,6.631687,-2.817277,131.192,6.702067,-2.721494,131.868,0.111881,0.186,0.186,0.160389,1,0,183
36.810000,35.480000,0.010000,6.695666,-2.770195,133.984,6.581952,-2.762680,133.527,6.651692,-2.667487,134.202,0.111726,0.219,0.219,0.161002,1,0,184
37.000000,35.670000,0.000000,6.642763,-2.716240,135.835,6.531585,-2.711201,135.260,6.600721,-2.616606,135.935,0.108141,0.100,0.100,0.153591,1,0,185
37.190000,35.860000,0.090000,6.600992,-2.675928,136.780,6.478568,-2.659753,136.387,6.547102,-2.565786,137.062,0.122619,0.282,0.282,0.177943,1,0,186
37.390000,36.060000,0.090000,6.543524,-2.622341,137.638,6.421148,-2.605821,137.221,6.489050,-2.512535,137.896,0.122575,0.259,0.259,0.177167,1,0,187
37.590000,36.260000,0.090000,6.485896,-2.570073,138.564,6.364308,-2.554002,138.319,6.431602,-2.461390,138.995,0.121490,0.431,0.431,0.182308,1,0,188
37.780000,36.450000,0.080000,6.430561,-2.521887,140.678,6.311578,-2.508722,140.511,6.378342,-2.416735,141.187,0.117404,0.508,0.508,0.180919,1,0,189
37.980000,36.650000,0.080000,6.374552,-2.476952,143.296,6.255092,-2.464308,143.125,6.321336,-2.372990,143.801,0.116791,0.506,0.506,0.179975,1,0,190
38.170000,36.840000,0.070000,6.317235,-2.435068,145.890,6.178656,-2.469032,145.381,6.244961,-2.378615,146.057,0.091709,0.166,0.166,0.131808,1,0,191
38.360000,37.030000,0.060000,6.257061,-2.395369,148.206,6.120861,-2.430896,147.493,6.186721,-2.341163,148.169,0.088803,-0.037,0.037,0.125696,1,0,192
38.560000,37.230000,0.060000,6.193169,-2.356139,148.718,6.057379,-2.390867,147.926,6.122771,-2.301886,148.602,0.088878,-0.116,0.116,0.126751,1,0,193
38.760000,37.430000,0.060000,6.131796,-2.318747,149.196,5.996563,-2.352813,148.507,6.061510,-2.264551,149.183,0.088754,-0.013,0.013,0.125531,1,0,194
38.940000,37.610000,0.040000,6.072808,-2.284030,151.221,5.943496,-2.321269,150.340,6.008075,-2.233635,151.016,0.082036,-0.205,0.205,0.119588,1,0,195
39.140000,37.810000,0.040000,6.012700,-2.251677,153.649,5.883418,-2.288610,152.761,5.947616,-2.201687,153.436,0.082066,-0.212,0.212,0.119886,1,0,196
39.340000,38.010000,0.040000,5.950954,-2.221829,156.445,5.821664,-2.258560,155.542,5.885512,-2.172367,156.218,0.082031,-0.227,0.227,0.120377,1,0,197
39.540000,38.210000,0.040000,5.903400,-2.201341,158.788,5.757517,-2.231342,158.484,5.821049,-2.145908,159.159,0.099270,0.371,0.371,0.149882,1,0,198
39.740000,38.410000,0.040000,5.834245,-2.175278,160.797,5.686809,-2.204819,160.187,5.750033,-2.120220,160.862,0.100613,0.065,0.065,0.142587,1,0,199
39.940000,38.610000,0.040000,5.760060,-2.149698,161.517,5.612715,-2.178512,160.960,5.675634,-2.094788,161.635,0.100712,0.118,0.118,0.143405,1,0,200
40.130000,38.800000,0.030000,5.686895,-2.125624,163.034,5.622698,-2.147007,162.624,5.685244,-2.063168,163.299,0.062478,0.265,0.265,0.095986,1,0,201
40.330000,39.000000,0.030000,5.615370,-2.104458,165.720,5.551230,-2.126365,165.497,5.613538,-2.043371,166.172,0.061115,0.453,0.453,0.107544,1,0,202
40.530000,39.200000,0.030000,5.543489,-2.087179,168.977,5.478861,-2.109783,168.727,5.540979,-2.027643,169.403,0.059589,0.426,0.426,0.103608,1,0,203
40.730000,39.400000,0.030000,5.469534,-2.073736,171.871,5.404393,-2.096846,171.514,5.466363,-2.015585,172.189,0.058237,0.318,0.318,0.093860,1,0,204
40.920000,39.590000,0.020000,5.392316,-2.063408,173.477,5.330601,-2.086784,172.844,5.392458,-2.006393,173.519,0.057014,0.043,0.043,0.080858,1,0,205
41.110000,39.780000,0.010000,5.314850,-2.054716,173.455,5.257077,-2.077553,172.728,5.318830,-1.998031,173.404,0.056825,-0.051,0.051,0.080683,1,0,206
41.310000,39.980000,0.010000,5.238197,-2.045493,172.234,5.180433,-2.066807,171.494,5.242065,-1.988189,172.170,0.057435,-0.064,0.064,0.081734,1,0,207
41.510000,40.180000,0.010000,5.161495,-2.034743,171.298,5.103827,-2.054668,170.568,5.165321,-1.976954,171.244,0.057916,-0.054,0.054,0.082265,1,0,208
41.710000,40.380000,0.010000,5.085699,-2.022850,170.474,5.028108,-2.041444,169.765,5.089451,-1.964624,170.441,0.058347,-0.034,0.034,0.082652,1,0,209
41.900000,40.570000,0.100000,5.008730,-2.009809,170.695,4.954901,-2.028166,170.033,5.016093,-1.952210,170.709,0.058068,0.014,0.014,0.082145,1,0,210
42.090000,40.760000,0.100000,4.937376,-1.998510,172.381,4.885311,-2.016800,171.680,4.946374,-1.941666,172.356,0.057552,-0.026,0.026,0.081472,1,0,211
42.290000,40.960000,0.090000,4.883840,-1.991609,174.339,4.817642,-2.055419,174.516,4.879165,-1.981080,175.191,0.011521,0.852,0.852,0.121546,1,0,212
42.480000,41.150000,0.080000,4.815126,-1.985224,176.157,4.753118,-2.050077,176.314,4.814582,-1.976499,176.990,0.008742,0.833,0.833,0.118450,1,0,213
42.680000,41.350000,0.080000,4.753261,-1.981515,178.942,4.691917,-2.047569,179.182,4.753356,-1.974713,179.857,0.006803,0.915,0.915,0.129758,1,0,214
42.870000,41.540000,0.070000,4.697838,-1.980805,-177.609,4.640205,-2.048228,-177.374,4.701655,-1.975982,-176.698,0.006151,0.911,0.911,0.129130,1,0,215
43.070000,41.740000,0.070000,4.647700,-1.983211,-173.459,4.590355,-2.052251,-173.175,4.651856,-1.980592,-172.500,0.004912,0.959,0.959,0.135813,1,0,216
43.270000,41.940000,0.070000,4.599381,-1.989072,-168.676,4.542235,-2.060018,-168.345,4.603831,-1.988926,-167.669,0.004452,1.006,1.006,0.142466,1,0,217
43.470000,42.140000,0.070000,4.550353,-1.999362,-163.490,4.493289,-2.072427,-163.128,4.555034,-2.001911,-162.453,0.005330,1.037,1.037,0.146867,1,0,218
43.670000,42.340000,0.070000,4.499700,-2.015060,-158.092,4.442834,-2.090359,-157.715,4.504795,-2.020437,-157.039,0.007407,1.053,1.053,0.149284,1,0,219
43.860000,42.530000,0.060000,4.449308,-2.036152,-152.439,4.395399,-2.112471,-152.330,4.457624,-2.043107,-151.654,0.010841,0.784,0.784,0.111997,1,0,220
44.060000,42.730000,0.060000,4.398245,-2.063758,-146.835,4.345220,-2.141872,-146.710,4.407795,-2.073097,-146.035,0.013357,0.800,0.800,0.114686,1,0,221
44.260000,42.930000,0.060000,4.347587,-2.098267,-141.606,4.364633,-2.131219,-142.420,4.427081,-2.062217,-141.744,0.087286,-0.138,0.138,0.124975,1,0,222
44.460000,43.130000,0.060000,4.295671,-2.140698,-137.666,4.312603,-2.174044,-138.490,4.375559,-2.105652,-137.815,0.087237,-0.148,0.148,0.125137,1,0,223
44.650000,43.320000,0.050000,4.244437,-2.188707,-134.260,4.263635,-2.219732,-135.265,4.327134,-2.151914,-134.590,0.090512,-0.329,0.329,0.136217,1,0,224
44.850000,43.520000,0.050000,4.195046,-2.240737,-130.771,4.213960,-2.271683,-131.777,4.278075,-2.204447,-131.101,0.090613,-0.330,0.330,0.136389,1,0,225
45.040000,43.710000,0.040000,4.146704,-2.298450,-128.018,4.167511,-2.326142,-129.119,4.232271,-2.259450,-128.444,0.094036,-0.426,0.426,0.145970,1,0,226
45.240000,43.910000,0.040000,4.110399,-2.345263,-126.837,4.118246,-2.388106,-127.643,4.183740,-2.321991,-126.968,0.076945,-0.131,0.131,0.110380,1,0,227
45.440000,44.110000,0.040000,4.063370,-2.408603,-126.032,4.070264,-2.450799,-126.926,4.136501,-2.385245,-126.251,0.076770,-0.219,0.219,0.112899,1,0,228
45.630000,44.300000,0.030000,4.017280,-2.472310,-125.567,4.025393,-2.510610,-126.557,4.092338,-2.445581,-125.882,0.079675,-0.314,0.314,0.121117,1,0,229
45.830000,44.500000,0.030000,3.971943,-2.535784,-125.706,3.978689,-2.573070,-126.797,4.046374,-2.508588,-126.121,0.079244,-0.415,0.415,0.126523,1,0,230
46.030000,44.700000,0.030000,3.926837,-2.598249,-126.427,3.931952,-2.634378,-127.587,4.000363,-2.570442,-126.911,0.078609,-0.484,0.484,0.130584,1,0,231
46.230000,44.900000,0.030000,3.880571,-2.660385,-126.982,3.876841,-2.671838,-127.977,3.945698,-2.608550,-127.302,0.083237,-0.319,0.319,0.126088,1,0,232
46.430000,45.100000,0.030000,3.833385,-2.723053,-127.138,3.828360,-2.733534,-128.171,3.897948,-2.670814,-127.496,0.083049,-0.358,0.358,0.127895,1,0,233
46.620000,45.290000,0.020000,3.786366,-2.784969,-127.411,3.782406,-2.791446,-128.425,3.852679,-2.729263,-127.749,0.086605,-0.338,0.338,0.131468,1,0,234
46.810000,45.480000,0.010000,3.739636,-2.845885,-127.820,3.736714,-2.848388,-128.825,3.807662,-2.786740,-128.149,0.090142,-0.329,0.329,0.135697,1,0,235
47.010000,45.680000,0.010000,3.692942,-2.905703,-128.588,3.688557,-2.907162,-129.611,3.760201,-2.846077,-128.935,0.089884,-0.348,0.348,0.136293,1,0,236
47.210000,45.880000,0.010000,3.646222,-2.963739,-129.974,3.640266,-2.963919,-130.998,3.712583,-2.903400,-130.322,0.089691,-0.348,0.348,0.136080,1,0,237
47.410000,46.080000,0.010000,3.599449,-3.018774,-132.161,3.591760,-3.017429,-133.186,3.664712,-2.957478,-132.511,0.089535,-0.350,0.350,0.135939,1,0,238
47.610000,46.280000,0.010000,3.551527,-3.070654,-134.871,3.541963,-3.067664,-135.898,3.615511,-3.008297,-135.222,0.089344,-0.352,0.352,0.135787,1,0,239
47.800000,46.470000,0.100000,3.501345,-3.120020,-137.630,3.492612,-3.112981,-138.518,3.566697,-3.054193,-137.842,0.092758,-0.212,0.212,0.134567,1,0,240
47.990000,46.660000,0.100000,3.450120,-3.165832,-140.191,3.441206,-3.156089,-141.018,3.515803,-3.097904,-140.342,0.094491,-0.151,0.151,0.135329,1,0,241
48.190000,46.860000,0.100000,3.395401,-3.210556,-142.649,3.385037,-3.199199,-143.480,3.460146,-3.141673,-142.805,0.094534,-0.155,0.155,0.135488,1,0,242
48.390000,47.060000,0.090000,3.351619,-3.243663,-144.708,3.366635,-3.225319,-146.192,3.442053,-3.168008,-145.516,0.117906,-0.809,0.809,0.202192,1,0,243
48.590000,47.260000,0.090000,3.293901,-3.283639,-147.591,3.307203,-3.262629,-149.130,3.383066,-3.206017,-148.454,0.118219,-0.863,0.863,0.207033,1,0,244
48.780000,47.450000,0.080000,3.234699,-3.320281,-150.733,3.249278,-3.294888,-152.126,3.325525,-3.238957,-151.450,0.121914,-0.717,0.717,0.200042,1,0,245
48.980000,47.650000,0.080000,3.172679,-3.354081,-153.674,3.185515,-3.326168,-155.031,3.262136,-3.270986,-154.355,0.122096,-0.681,0.681,0.197696,1,0,246
49.180000,47.850000,0.080000,3.107976,-3.385273,-156.286,3.119452,-3.354804,-157.628,3.196415,-3.300400,-156.952,0.122576,-0.666,0.666,0.197309,1,0,247
49.370000,48.040000,0.070000,3.042499,-3.413280,-158.954,3.056302,-3.378901,-160.191,3.133553,-3.325239,-159.516,0.126657,-0.561,0.561,0.195925,1,0,248
49.570000,48.240000,0.070000,2.976648,-3.437843,-161.719,2.989443,-3.400886,-162.962,3.066958,-3.348011,-162.287,0.127380,-0.568,0.568,0.197235,1,0,249
49.770000,48.440000,0.070000,2.910044,-3.459077,-164.624,2.921905,-3.419444,-165.893,2.999643,-3.367365,-165.218,0.128215,-0.594,0.594,0.199808,1,0,250
49.960000,48.630000,0.060000,2.842005,-3.476930,-167.581,2.856407,-3.433894,-168.680,2.934321,-3.382585,-168.004,0.131997,-0.423,0.423,0.196043,1,0,251
50.160000,48.830000,0.060000,2.772016,-3.491592,-170.086,2.785757,-3.446101,-171.165,2.863819,-3.395625,-170.489,0.132806,-0.403,0.403,0.196266,1,0,252
50.360000,49.030000,0.060000,2.702019,-3.503160,-172.791,2.694617,-3.450999,-172.970,2.772743,-3.401597,-172.295,0.123762,0.496,0.496,0.188549,1,0,253
50.550000,49.220000,0.050000,2.628752,-3.511815,-174.628,2.624721,-3.458199,-174.700,2.702937,-3.409621,-174.025,0.126281,0.604,0.604,0.197940,1,0,254
50.750000,49.420000,0.050000,2.554484,-3.518267,-176.285,2.550214,-3.463679,-176.361,2.628500,-3.415979,-175.685,0.126258,0.600,0.600,0.197673,1,0,255
50.940000,49.610000,0.040000,2.478907,-3.522708,-177.720,2.478234,-3.467074,-177.728,2.556565,-3.420223,-177.052,0.128585,0.668,0.668,0.204897,1,0,256
51.140000,49.810000,0.040000,2.402367,-3.525307,-178.965,2.401576,-3.468895,-178.993,2.479934,-3.422948,-178.318,0.128430,0.647,0.647,0.203398,1,0,257
51.340000,50.010000,0.040000,2.324599,-3.526388,-179.828,2.323692,-3.469285,-179.888,2.402060,-3.424255,-179.212,0.128185,0.616,0.616,0.201126,1,0,258
51.540000,50.210000,0.040000,2.265756,-3.526480,179.682,2.245004,-3.468644,179.472,2.323370,-3.424542,-179.853,0.117093,0.465,0.465,0.178180,1,0,259
51.740000,50.410000,0.040000,2.186635,-3.525873,179.252,2.165585,-3.467278,179.086,2.243941,-3.424113,179.762,0.116786,0.510,0.510,0.180213,1,0,260
51.930000,50.600000,0.030000,2.106996,-3.524740,179.047,2.089786,-3.465624,178.931,2.168127,-3.423353,179.607,0.118390,0.560,0.560,0.185233,1,0,261
52.120000,50.790000,0.020000,2.027555,-3.523385,179.001,2.014214,-3.463861,178.913,2.092540,-3.422481,179.589,0.120019,0.588,0.588,0.189002,1,0,262
52.320000,50.990000,0.020000,1.949728,-3.522012,179.362,1.841867,-3.467949,178.580,1.920253,-3.428601,179.256,0.097950,-0.107,0.107,0.139344,1,0,263
52.520000,51.190000,0.020000,1.870586,-3.521221,179.446,1.762396,-3.465554,178.606,1.840759,-3.427144,179.282,0.098692,-0.164,0.164,0.141494,1,0,264
52.710000,51.380000,0.010000,1.791498,-3.520470,179.531,1.687162,-3.463338,178.704,1.765504,-3.425815,179.380,0.098159,-0.151,0.151,0.140456,1,0,265
52.910000,51.580000,0.010000,1.712609,-3.519884,179.743,1.608151,-3.461232,178.925,1.686474,-3.424641,179.601,0.098764,-0.142,0.142,0.141107,1,0,266
53.110000,51.780000,0.010000,1.633769,-3.519614,179.997,1.529172,-3.459478,179.199,1.607479,-3.423818,179.875,0.099338,-0.122,0.122,0.141544,1,0,267
53.300000,51.970000,0.100000,1.554833,-3.519699,-179.743,1.454040,-3.458162,179.467,1.532337,-3.423389,-179.857,0.098903,-0.115,0.115,0.140808,1,0,268
53.490000,52.160000,0.100000,1.477814,-3.520135,-179.465,1.378853,-3.457205,179.753,1.457144,-3.423318,-179.572,0.098999,-0.107,0.107,0.140824,1,0,269
53.690000,52.360000,0.100000,1.398609,-3.520976,-179.184,1.299492,-3.456586,-179.973,1.377781,-3.423635,-179.297,0.099544,-0.113,0.113,0.141679,1,0,270
53.890000,52.560000,0.100000,1.319170,-3.522186,-178.973,1.219891,-3.456300,-179.769,1.298183,-3.424287,-179.093,0.100124,-0.120,0.120,0.142613,1,0,271
54.080000,52.750000,0.080000,1.257521,-3.523320,-178.832,1.144147,-3.456269,-179.606,1.222443,-3.425150,-178.930,0.104249,-0.098,0.098,0.148080,1,0,272
54.280000,52.950000,0.080000,1.177824,-3.524995,-178.710,1.055332,-3.426845,-178.352,1.133287,-3.396776,-177.676,0.135734,1.034,1.034,0.241272,1,0,273
54.480000,53.150000,0.080000,1.099632,-3.526847,-177.957,0.977279,-3.429147,-177.403,1.055267,-3.399998,-176.728,0.134384,1.229,1.229,0.257541,1,0,274
54.670000,53.340000,0.070000,1.021233,-3.530106,-176.744,0.902508,-3.432877,-176.311,0.980546,-3.404608,-175.635,0.131928,1.109,1.109,0.243721,1,0,275
54.870000,53.540000,0.070000,0.942124,-3.534886,-176.168,0.823344,-3.437951,-175.809,0.901446,-3.410616,-175.133,0.130759,1.034,1.034,0.235790,1,0,276
55.060000,53.730000,0.060000,0.863948,-3.540189,-176.090,0.748988,-3.443036,-175.765,0.827156,-3.416578,-175.090,0.128970,1.001,1.001,0.230866,1,0,277
55.260000,53.930000,0.060000,0.786526,-3.545419,-176.403,0.671428,-3.448147,-176.099,0.749662,-3.422603,-175.423,0.128229,0.980,0.980,0.228233,1,0,278
55.450000,54.120000,0.050000,0.709375,-3.550110,-176.953,0.597979,-3.452410,-176.631,0.676268,-3.427732,-175.955,0.126777,0.998,0.998,0.228216,1,0,279
55.650000,54.320000,0.050000,0.632215,-3.554007,-177.609,0.520649,-3.456078,-177.292,0.598987,-3.432311,-176.616,0.126151,0.993,0.993,0.227054,1,0,280
55.840000,54.510000,0.040000,0.554717,-3.557023,-178.263,0.446880,-3.458739,-177.918,0.525254,-3.435842,-177.242,0.124711,1.021,1.021,0.227915,1,0,281
56.040000,54.710000,0.040000,0.476908,-3.559170,-178.894,0.368921,-3.460693,-178.557,0.447324,-3.438715,-177.881,0.124035,1.013,1.013,0.226461,1,0,282
56.230000,54.900000,0.030000,0.418266,-3.560227,-179.308,0.294468,-3.461797,-179.083,0.372888,-3.440696,-178.407,0.127855,0.901,0.901,0.221214,1,0,283
56.420000,55.090000,0.020000,0.339664,-3.561013,-179.736,0.252935,-3.525475,-179.784,0.332110,-3.504860,-179.108,0.056659,0.627,0.627,0.119545,1,0,284
56.610000,55.280000,0.010000,0.263074,-3.561295,179.564,0.180482,-3.525028,179.464,0.259656,-3.505267,-179.860,0.056132,0.576,0.576,0.113765,1,0,285
56.800000,55.470000,0.100000,0.191982,-3.560279,177.063,0.113011,-3.522755,177.004,0.192164,-3.503791,177.679,0.056488,0.616,0.616,0.118191,1,0,286
57.000000,55.670000,0.000000,0.123032,-3.555824,172.891,0.044093,-3.516399,172.889,0.123175,-3.498247,173.565,0.057577,0.674,0.674,0.125364,1,0,287
57.190000,55.860000,0.100000,0.056551,-3.546499,168.392,-0.020535,-3.505435,168.518,0.058423,-3.488046,169.194,0.058483,0.802,0.802,0.140427,1,0,288
57.390000,56.060000,0.100000,-0.009712,-3.531751,163.804,-0.086496,-3.488798,163.923,-0.007730,-3.472188,164.598,0.059596,0.795,0.795,0.140482,1,0,289
57.590000,56.260000,0.090000,-0.060094,-3.516718,160.533,-0.150998,-3.467092,159.760,-0.072484,-3.451244,160.436,0.066636,-0.097,0.097,0.095236,1,0,290
57.790000,56.460000,0.090000,-0.123565,-3.493278,156.780,-0.213448,-3.441239,156.105,-0.135234,-3.426129,156.781,0.068155,0.000,0.000,0.096386,1,0,291
57.980000,56.650000,0.080000,-0.185112,-3.465977,153.623,-0.271198,-3.413360,153.218,-0.193310,-3.398933,153.894,0.067543,0.270,0.270,0.102892,1,0,292
58.170000,56.840000,0.070000,-0.245150,-3.435463,150.931,-0.324576,-3.382593,150.695,-0.247046,-3.368798,151.370,0.066692,0.439,0.439,0.112931,1,0,293
58.360000,57.030000,0.060000,-0.304058,-3.401975,148.203,-0.379922,-3.349362,148.096,-0.302780,-3.336222,148.772,0.065766,0.569,0.569,0.122986,1,0,294
58.550000,57.220000,0.050000,-0.361951,-3.365244,145.299,-0.434246,-3.313177,145.335,-0.357527,-3.300680,146.011,0.064715,0.712,0.712,0.136050,1,0,295
58.750000,57.420000,0.050000,-0.418829,-3.324941,142.321,-0.490393,-3.271589,142.364,-0.414160,-3.259757,143.039,0.065351,0.718,0.718,0.137291,1,0,296
58.940000,57.610000,0.040000,-0.475005,-3.280577,139.638,-0.543055,-3.228448,139.804,-0.467327,-3.217240,140.480,0.063801,0.842,0.842,0.149435,1,0,297
59.140000,57.810000,0.040000,-0.530343,-3.232602,137.246,-0.597720,-3.179574,137.406,-0.522565,-3.169014,138.082,0.064062,0.836,0.836,0.148966,1,0,298
59.340000,58.010000,0.040000,-0.571055,-3.194652,135.594,-0.651111,-3.127853,135.200,-0.576562,-3.117926,135.876,0.076924,0.282,0.282,0.115859,1,0,299
59.530000,58.200000,0.030000,-0.623642,-3.142203,133.377,-0.699935,-3.076847,133.073,-0.625985,-3.067499,133.749,0.074741,0.372,0.372,0.118068,1,0,300
59.730000,58.400000,0.030000,-0.673446,-3.088463,130.942,-0.748535,-3.021813,130.660,-0.675230,-3.013042,131.336,0.075442,0.393,0.393,0.120327,1,0,301
59.920000,58.590000,0.020000,-0.721415,-3.032162,128.823,-0.793136,-2.967227,128.695,-0.720471,-2.958986,129.370,0.073182,0.547,0.547,0.129235,1,0,302
60.120000,58.790000,0.020000,-0.768558,-2.972805,127.461,-0.839607,-2.906932,127.399,-0.767650,-2.899244,128.074,0.073567,0.613,0.613,0.135397,1,0,303
60.310000,58.980000,0.010000,-0.815423,-2.911186,126.828,-0.883739,-2.847726,126.837,-0.812478,-2.840562,127.512,0.070686,0.684,0.684,0.139075,1,0,304
60.490000,59.160000,0.100000,-0.860560,-2.850700,126.295,-0.925002,-2.791438,126.347,-0.854401,-2.784764,127.023,0.066223,0.727,0.727,0.139126,1,0,305
60.680000,59.350000,0.080000,-0.895616,-2.802815,125.524,-0.967310,-2.732184,125.366,-0.897405,-2.726013,126.042,0.076823,0.517,0.517,0.130991,1,0,306
60.840000,59.510000,0.040000,-0.939362,-2.740842,124.090,-1.006289,-2.734481,123.885,-0.936355,-2.728770,124.560,0.012442,0.470,0.470,0.068775,1,0,307
61.040000,59.710000,0.040000,-0.970136,-2.695176,122.548,-1.045790,-2.672628,121.673,-0.976582,-2.667387,122.348,0.028527,-0.200,0.200,0.049249,1,0,308
61.230000,59.900000,0.030000,-1.008929,-2.632634,119.660,-1.080953,-2.611355,118.967,-1.012465,-2.606533,119.642,0.026340,-0.018,0.018,0.037334,1,0,309
61.430000,60.100000,0.030000,-1.046470,-2.565166,117.866,-1.117225,-2.542297,117.345,-1.049548,-2.537908,118.020,0.027432,0.155,0.155,0.044545,1,0,310
61.630000,60.300000,0.030000,-1.082844,-2.495928,117.779,-1.152618,-2.472933,117.415,-1.085757,-2.468965,118.091,0.027119,0.312,0.312,0.058431,1,0,311
61.830000,60.500000,0.030000,-1.118452,-2.428914,118.714,-1.187968,-2.405622,118.361,-1.121899,-2.402076,119.036,0.027058,0.322,0.322,0.059525,1,0,312
62.020000,60.690000,0.020000,-1.155581,-2.361663,119.321,-1.222896,-2.341208,118.901,-1.157583,-2.338079,119.577,0.023669,0.256,0.256,0.049287,1,0,313
62.170000,60.840000,0.070000,-1.184069,-2.311027,119.580,-1.250948,-2.290220,119.164,-1.186235,-2.287425,119.840,0.023701,0.260,0.260,0.049718,1,0,314
62.340000,61.010000,0.040000,-1.221906,-2.244665,120.338,-1.282698,-2.233482,119.796,-1.218652,-2.231065,120.471,0.013983,0.134,0.134,0.027344,1,0,315
62.530000,61.200000,0.030000,-1.250494,-2.196063,121.371,-1.313696,-2.067230,121.258,-1.251608,-2.065190,121.933,0.130878,0.563,0.563,0.201468,1,0,316
62.730000,61.400000,0.030000,-1.287560,-2.136173,123.999,-1.351123,-2.008280,124.262,-1.289728,-2.006685,124.938,0.129506,0.939,0.939,0.226194,1,0,317
62.920000,61.590000,0.020000,-1.328202,-2.077974,127.914,-1.391136,-1.953192,127.939,-1.330388,-1.952073,128.615,0.125920,0.700,0.700,0.203768,1,0,318
63.120000,61.790000,0.020000,-1.375486,-2.018792,130.648,-1.439200,-1.893955,130.545,-1.379147,-1.893407,131.221,0.125438,0.573,0.573,0.195031,1,0,319
63.310000,61.980000,0.010000,-1.426980,-1.959869,132.551,-1.488429,-1.837768,132.279,-1.429035,-1.837804,132.955,0.122082,0.404,0.404,0.181848,1,0,320
63.510000,62.180000,0.010000,-1.479889,-1.902818,133.311,-1.541037,-1.780400,132.959,-1.482315,-1.781061,133.635,0.121781,0.324,0.324,0.178218,1,0,321
63.710000,62.380000,0.010000,-1.531865,-1.847653,132.982,-1.592431,-1.724585,132.589,-1.534365,-1.725856,133.265,0.121823,0.283,0.283,0.176869,1,0,322
63.900000,62.570000,0.100000,-1.583449,-1.791975,132.124,-1.640799,-1.670898,131.761,-1.583362,-1.672743,132.437,0.119233,0.312,0.312,0.174311,1,0,323
64.090000,62.760000,0.100000,-1.632733,-1.736985,130.917,-1.688103,-1.616498,130.586,-1.631304,-1.618904,131.262,0.118089,0.345,0.345,0.173986,1,0,324
64.290000,62.960000,0.100000,-1.682099,-1.679374,129.681,-1.736694,-1.558062,129.345,-1.680581,-1.561046,130.020,0.118338,0.340,0.340,0.174119,1,0,325
64.490000,63.160000,0.090000,-1.719921,-1.633525,128.952,-1.784881,-1.497810,128.477,-1.729474,-1.501366,129.152,0.132504,0.200,0.200,0.189520,1,0,326
64.680000,63.350000,0.080000,-1.769322,-1.572174,128.449,-1.836417,-1.445932,128.381,-1.781619,-1.450099,129.056,0.122693,0.608,0.608,0.193619,1,0,327
64.880000,63.550000,0.080000,-1.817719,-1.510620,128.009,-1.884603,-1.384010,128.163,-1.830532,-1.388750,128.839,0.122542,0.830,0.830,0.209299,1,0,328
65.080000,63.750000,0.080000,-1.864926,-1.450433,128.751,-1.931744,-1.324318,129.001,-1.878373,-1.329617,129.677,0.121561,0.926,0.926,0.216098,1,0,329
65.280000,63.950000,0.080000,-1.910553,-1.394176,130.479,-1.977528,-1.269108,130.836,-1.924805,-1.274951,131.512,0.120073,1.033,1.033,0.223969,1,0,330
65.470000,64.140000,0.070000,-1.952528,-1.345664,133.746,-2.017684,-1.224808,134.079,-1.965481,-1.231128,134.755,0.115266,1.009,1.009,0.216600,1,0,331
65.670000,64.340000,0.070000,-1.990289,-1.306814,138.835,-2.056266,-1.188164,139.268,-2.004492,-1.194942,139.943,0.112770,1.108,1.108,0.223570,1,0,332
65.870000,64.540000,0.070000,-2.023467,-1.277993,144.764,-2.090224,-1.161835,145.171,-2.038759,-1.169015,145.846,0.110045,1.083,1.083,0.218332,1,0,333
66.060000,64.730000,0.060000,-2.051021,-1.258113,150.162,-2.116910,-1.144959,150.285,-2.065642,-1.152454,150.960,0.106666,0.799,0.799,0.188434,1,0,334
66.260000,64.930000,0.060000,-2.073944,-1.244294,155.082,-2.140625,-1.132748,155.208,-2.089499,-1.140524,155.883,0.104928,0.801,0.801,0.186666,1,0,335
66.450000,65.120000,0.050000,-2.096140,-1.233309,159.714,-2.162385,-1.123714,159.622,-2.111364,-1.131747,160.297,0.102696,0.584,0.584,0.167045,1,0,336
66.640000,65.310000,0.040000,-2.117766,-1.224678,163.865,-2.183491,-1.116709,163.595,-2.132551,-1.124991,164.270,0.100777,0.405,0.405,0.153594,1,0,337
66.840000,65.510000,0.040000,-2.134650,-1.219151,166.896,-2.206669,-1.110782,167.639,-2.155798,-1.119338,168.314,0.102029,1.418,1.418,0.247047,1,0,338
67.030000,65.700000,0.030000,-2.157058,-1.213348,170.807,-2.228724,-1.106737,171.349,-2.177899,-1.115554,172.025,0.099990,1.218,1.218,0.222841,1,0,339
67.230000,65.900000,0.030000,-2.185709,-1.208210,175.684,-2.259072,-1.103588,176.458,-2.208281,-1.112763,177.134,0.098080,1.450,1.450,0.247548,1,0,340
67.430000,66.100000,0.030000,-2.221330,-1.205336,-178.564,-2.295875,-1.103340,-177.681,-2.245085,-1.112948,-177.005,0.095393,1.559,1.559,0.258466,1,0,341
67.620000,66.290000,0.020000,-2.261075,-1.206298,-172.249,-2.333557,-1.106966,-171.621,-2.282722,-1.117019,-170.946,0.091866,1.304,1.304,0.225524,1,0,342
67.820000,66.490000,0.020000,-2.302280,-1.212075,-165.609,-2.374934,-1.115756,-164.947,-2.323992,-1.126296,-164.271,0.088484,1.338,1.338,0.226835,1,0,343
68.020000,66.690000,0.020000,-2.346552,-1.223791,-158.761,-2.418472,-1.130468,-158.084,-2.367353,-1.141521,-157.408,0.084859,1.353,1.353,0.225811,1,0,344
68.210000,66.880000,0.010000,-2.390954,-1.241638,-151.885,-2.459942,-1.150209,-151.559,-2.408587,-1.161749,-150.883,0.081812,1.002,1.002,0.182952,1,0,345
68.410000,67.080000,0.010000,-2.437075,-1.267158,-145.010,-2.504768,-1.178308,-144.688,-2.453080,-1.190375,-144.012,0.078433,0.998,0.998,0.179493,1,0,346
68.600000,67.270000,0.100000,-2.483966,-1.301361,-138.184,-2.548043,-1.213093,-138.200,-2.495941,-1.225667,-137.524,0.076635,0.660,0.660,0.143015,1,0,347
68.800000,67.470000,0.100000,-2.528733,-1.343145,-131.312,-2.591072,-1.256809,-131.328,-2.538452,-1.269889,-130.653,0.073898,0.659,0.659,0.140024,1,0,348
68.990000,67.660000,0.100000,-2.571408,-1.393909,-125.625,-2.631147,-1.307666,-125.735,-2.577924,-1.321214,-125.059,0.072987,0.566,0.566,0.130603,1,0,349
69.190000,67.860000,0.090000,-2.604763,-1.441610,-122.040,-2.672664,-1.371200,-121.206,-2.618689,-1.385234,-120.531,0.058071,1.509,1.509,0.228643,1,0,350
69.380000,68.050000,0.080000,-2.644397,-1.507058,-119.152,-2.708403,-1.433599,-118.726,-2.653690,-1.448050,-118.051,0.059735,1.101,1.101,0.177160,1,0,351
69.580000,68.250000,0.080000,-2.678677,-1.569524,-118.094,-2.741795,-1.495965,-117.928,-2.686344,-1.510805,-117.252,0.059217,0.842,0.842,0.145600,1,0,352
69.780000,68.450000,0.080000,-2.710527,-1.629222,-118.868,-2.773769,-1.555372,-118.977,-2.717615,-1.570584,-118.302,0.059064,0.566,0.566,0.115719,1,0,353
69.970000,68.640000,0.070000,-2.742684,-1.686753,-121.473,-2.805171,-1.609392,-121.678,-2.748378,-1.624971,-121.002,0.062044,0.471,0.471,0.110126,1,0,354
70.160000,68.830000,0.060000,-2.777929,-1.742738,-125.145,-2.839945,-1.662098,-125.173,-2.782528,-1.678084,-124.497,0.064818,0.648,0.648,0.129575,1,0,355
70.340000,69.010000,0.040000,-2.817972,-1.797978,-128.714,-2.876854,-1.711391,-128.400,-2.818853,-1.727809,-127.725,0.070174,0.990,0.990,0.171555,1,0,356
70.540000,69.210000,0.040000,-2.851279,-1.839012,-131.121,-2.922400,-1.765606,-131.571,-2.863757,-1.782557,-130.895,0.057817,0.226,0.226,0.087766,1,0,357
70.730000,69.400000,0.030000,-2.899740,-1.893176,-133.868,-2.969771,-1.816628,-134.103,-2.910523,-1.834134,-133.427,0.060018,0.441,0.441,0.105328,1,0,358
70.930000,69.600000,0.030000,-2.952355,-1.946826,-135.972,-3.023405,-1.870019,-136.114,-2.963524,-1.888153,-135.438,0.059726,0.534,0.534,0.113289,1,0,359
71.110000,69.780000,0.010000,-3.008392,-2.000220,-137.372,-3.074328,-1.917996,-137.319,-3.013878,-1.936728,-136.644,0.063729,0.728,0.728,0.136863,1,0,360
71.300000,69.970000,0.100000,-3.067008,-2.053849,-137.996,-3.130156,-1.969095,-137.902,-3.069099,-1.988481,-137.227,0.065401,0.769,0.769,0.142762,1,0,361
71.480000,70.150000,0.080000,-3.111123,-2.093520,-138.154,-3.183065,-2.016873,-138.079,-3.121441,-2.036880,-137.404,0.057573,0.750,0.750,0.133753,1,0,362
71.670000,70.340000,0.070000,-3.169641,-2.145890,-138.098,-3.238514,-2.066858,-137.982,-3.176296,-2.087515,-137.306,0.058753,0.792,0.792,0.139474,1,0,363
71.870000,70.540000,0.070000,-3.227635,-2.198042,-137.758,-3.296308,-2.119392,-137.616,-3.233467,-2.140727,-136.941,0.057610,0.817,0.817,0.141368,1,0,364
72.050000,70.720000,0.050000,-3.285160,-2.250485,-137.273,-3.347904,-2.166984,-137.176,-3.284498,-2.188925,-136.500,0.061564,0.772,0.772,0.139671,1,0,365
72.240000,70.910000,0.040000,-3.342315,-2.303515,-136.738,-3.402025,-2.217746,-136.666,-3.338017,-2.240321,-135.991,0.063340,0.747,0.747,0.138522,1,0,366
72.440000,71.110000,0.040000,-3.384940,-2.343717,-136.334,-3.458651,-2.271840,-136.137,-3.394001,-2.295079,-135.461,0.049475,0.873,0.873,0.141848,1,0,367
72.640000,71.310000,0.040000,-3.441535,-2.397965,-135.844,-3.515009,-2.326639,-135.661,-3.449709,-2.350539,-134.986,0.048126,0.858,0.858,0.139126,1,0,368
72.830000,71.500000,0.030000,-3.497984,-2.452977,-135.469,-3.568464,-2.379368,-135.323,-3.502538,-2.403895,-134.648,0.049293,0.821,0.821,0.135485,1,0,369
73.030000,71.700000,0.030000,-3.554307,-2.508544,-135.180,-3.624625,-2.435368,-135.046,-3.558035,-2.460553,-134.371,0.048136,0.809,0.809,0.133157,1,0,370
73.220000,71.890000,0.020000,-3.610597,-2.564601,-134.996,-3.677991,-2.488996,-134.887,-3.610766,-2.514806,-134.211,0.049795,0.785,0.785,0.131491,1,0,371
73.420000,72.090000,0.020000,-3.666677,-2.620750,-135.042,-3.733953,-2.545364,-134.968,-3.666059,-2.571830,-134.292,0.048924,0.750,0.750,0.126675,1,0,372
73.620000,72.290000,0.020000,-3.722015,-2.675920,-135.557,-3.789156,-2.600406,-135.518,-3.720609,-2.627520,-134.842,0.048421,0.714,0.714,0.122056,1,0,373
73.810000,72.480000,0.010000,-3.775284,-2.727474,-137.328,-3.840084,-2.648962,-137.247,-3.770961,-2.676673,-136.571,0.050985,0.757,0.757,0.129038,1,0,374
74.010000,72.680000,0.010000,-3.830001,-2.777201,-139.084,-3.895236,-2.698425,-139.000,-3.825525,-2.726782,-138.325,0.050617,0.760,0.760,0.129093,1,0,375
74.190000,72.860000,0.100000,-3.885702,-2.824936,-140.328,-3.946934,-2.742468,-140.140,-3.876701,-2.771432,-139.465,0.054256,0.864,0.864,0.144266,1,0,376
74.390000,73.060000,0.090000,-3.931752,-2.862998,-140.776,-4.006462,-2.791653,-140.720,-3.935644,-2.821315,-140.044,0.041864,0.731,0.731,0.119152,1,0,377
74.580000,73.250000,0.080000,-3.992432,-2.912348,-140.970,-4.064397,-2.838956,-140.816,-3.993017,-2.869298,-140.140,0.043054,0.830,0.830,0.132220,1,0,378
74.780000,73.450000,0.080000,-4.053671,-2.961992,-141.213,-4.125587,-2.888707,-141.127,-4.053617,-2.919767,-140.451,0.042225,0.762,0.762,0.123226,1,0,379
74.970000,73.640000,0.070000,-4.114691,-3.010729,-142.080,-4.183762,-2.934930,-141.995,-4.111242,-2.966673,-141.320,0.044190,0.760,0.760,0.124362,1,0,380
75.170000,73.840000,0.070000,-4.177090,-3.058905,-142.818,-4.246409,-2.983176,-142.646,-4.173316,-3.015655,-141.970,0.043414,0.848,0.848,0.134712,1,0,381
75.360000,74.030000,0.060000,-4.239401,-3.106069,-142.758,-4.275541,-3.113885,-143.717,-4.200905,-3.146698,-143.041,0.055970,-0.283,0.283,0.088711,1,0,382
75.560000,74.230000,0.060000,-4.298751,-3.151600,-141.439,-4.356896,-3.057580,-143.073,-4.282919,-3.091356,-142.397,0.062289,-0.958,0.958,0.161649,1,0,383
75.760000,74.430000,0.060000,-4.358539,-3.199882,-140.230,-4.418069,-3.104674,-141.914,-4.343532,-3.139169,-141.239,0.062541,-1.009,1.009,0.167840,1,0,384
75.950000,74.620000,0.050000,-4.417619,-3.249239,-140.475,-4.475599,-3.149780,-142.193,-4.400526,-3.184950,-141.518,0.066523,-1.042,1.042,0.174878,1,0,385
76.140000,74.810000,0.040000,-4.459632,-3.283784,-141.894,-4.530397,-3.191023,-144.144,-4.454834,-3.226836,-143.468,0.057150,-1.574,1.574,0.236750,1,0,386
76.330000,75.000000,0.030000,-4.513672,-3.325427,-144.987,-4.514606,-3.262633,-146.169,-4.438200,-3.298255,-145.494,0.080215,-0.507,0.507,0.134200,1,0,387
76.520000,75.190000,0.020000,-4.562897,-3.359174,-149.775,-4.562184,-3.291885,-150.942,-4.485429,-3.328066,-150.267,0.083481,-0.492,0.492,0.137009,1,0,388
76.720000,75.390000,0.020000,-4.612592,-3.387095,-156.095,-4.613499,-3.316748,-157.317,-4.536447,-3.353532,-156.641,0.083214,-0.546,0.546,0.140737,1,0,389
76.920000,75.590000,0.020000,-4.663780,-3.408809,-162.508,-4.665976,-3.335232,-163.691,-4.588702,-3.372634,-163.015,0.083338,-0.507,0.507,0.137940,1,0,390
77.110000,75.780000,0.010000,-4.715554,-3.424378,-168.532,-4.715848,-3.347124,-169.422,-4.638431,-3.385113,-168.746,0.086543,-0.214,0.214,0.126090,1,0,391
77.310000,75.980000,0.010000,-4.768557,-3.434377,-174.446,-4.769434,-3.354226,-175.336,-4.691930,-3.392847,-174.660,0.087158,-0.214,0.214,0.126930,1,0,392
77.510000,76.180000,0.010000,-4.823476,-3.438952,179.838,-4.824692,-3.355915,178.943,-4.747164,-3.395187,179.618,0.087971,-0.219,0.219,0.128217,1,0,393
77.700000,76.370000,0.000000,-4.879627,-3.437989,174.247,-4.878088,-3.352389,173.626,-4.800598,-3.392291,174.302,0.091291,0.055,0.055,0.129336,1,0,394
77.890000,76.560000,0.100000,-4.934022,-3.431794,168.927,-4.930874,-3.343995,168.427,-4.853479,-3.384520,169.103,0.093392,0.176,0.176,0.134392,1,0,395
78.090000,76.760000,0.100000,-4.991398,-3.419611,164.013,-4.987790,-3.329574,163.460,-4.910561,-3.370771,164.136,0.094446,0.123,0.123,0.134701,1,0,396
78.280000,76.950000,0.080000,-5.032927,-3.407742,159.743,-5.198747,-3.295195,159.232,-5.121909,-3.338882,159.908,0.112515,0.164,0.164,0.160806,1,0,397
78.480000,77.150000,0.080000,-5.082768,-3.388511,153.026,-5.248282,-3.272847,152.440,-5.171704,-3.317119,153.116,0.114045,0.090,0.090,0.161784,1,0,398
78.680000,77.350000,0.080000,-5.135951,-3.359960,146.296,-5.301124,-3.241002,145.778,-5.224918,-3.285900,146.453,0.115758,0.157,0.157,0.165209,1,0,399
78.880000,77.550000,0.080000,-5.191499,-3.320986,140.246,-5.356233,-3.199002,139.849,-5.280518,-3.244552,140.524,0.117331,0.279,0.279,0.170543,1,0,400
79.080000,77.750000,0.080000,-5.248601,-3.271371,135.811,-5.412383,-3.147927,135.673,-5.337267,-3.194143,136.348,0.117583,0.538,0.538,0.182839,1,0,401
79.270000,77.940000,0.070000,-5.297616,-3.222578,133.234,-5.457675,-3.101969,133.470,-5.383097,-3.148723,134.146,0.112968,0.912,0.912,0.205348,1,0,402
79.460000,78.130000,0.060000,-5.338288,-3.178857,132.451,-5.496088,-3.060984,132.874,-5.421991,-3.108194,133.550,0.109542,1.099,1.099,0.219464,1,0,403
79.660000,78.330000,0.060000,-5.374256,-3.139493,133.526,-5.532794,-3.022212,134.052,-5.459152,-3.069857,134.728,0.109802,1.201,1.201,0.230160,1,0,404
79.850000,78.520000,0.050000,-5.410323,-3.101697,136.364,-5.568117,-2.987342,136.794,-5.494883,-3.035405,137.469,0.107447,1.105,1.105,0.218000,1,0,405
80.040000,78.710000,0.040000,-5.449100,-3.065303,140.970,-5.606296,-2.954160,141.131,-5.533451,-3.002676,141.807,0.105058,0.837,0.837,0.189973,1,0,406
80.240000,78.910000,0.040000,-5.483068,-3.038019,144.975,-5.520256,-2.965333,145.547,-5.447285,-3.012834,146.222,0.043757,1.248,1.248,0.186976,1,0,407
80.420000,79.090000,0.020000,-5.529629,-3.006333,150.671,-5.563105,-2.938880,150.734,-5.490443,-2.986888,151.410,0.043745,0.739,0.739,0.121493,1,0,408
80.620000,79.290000,0.020000,-5.583924,-2.976975,155.565,-5.619124,-2.910713,155.535,-5.546790,-2.959384,156.211,0.041091,0.645,0.645,0.108194,1,0,409
80.810000,79.480000,0.010000,-5.648126,-2.949075,159.162,-5.681478,-2.884818,158.796,-5.609446,-2.934225,159.472,0.041432,0.310,0.310,0.073192,1,0,410
81.010000,79.680000,0.010000,-5.717431,-2.923649,162.030,-5.751250,-2.859979,161.657,-5.679505,-2.910212,162.332,0.040236,0.302,0.302,0.071155,1,0,411
81.210000,79.880000,0.010000,-5.789374,-2.901239,164.948,-5.823612,-2.838209,164.595,-5.752119,-2.889296,165.270,0.039123,0.322,0.322,0.071652,1,0,412
81.410000,80.080000,0.010000,-5.865077,-2.881861,167.310,-5.899817,-2.819214,166.899,-5.828543,-2.871200,167.575,0.038058,0.265,0.265,0.065616,1,0,413
81.610000,80.280000,0.010000,-5.942139,-2.865005,168.354,-5.976967,-2.802278,167.884,-5.905887,-2.855175,168.560,0.037561,0.206,0.206,0.060580,1,0,414
81.810000,80.480000,0.010000,-6.018536,-2.849345,168.257,-6.053358,-2.786082,167.732,-5.982464,-2.839882,168.408,0.037293,0.151,0.151,0.056914,1,0,415
82.000000,80.670000,0.000000,-6.094187,-2.833393,167.339,-6.125177,-2.770140,166.840,-6.054466,-2.824788,167.516,0.040642,0.177,0.177,0.062692,1,0,416
82.190000,80.860000,0.100000,-6.168583,-2.816342,166.782,-6.197762,-2.752889,166.320,-6.127249,-2.808394,166.996,0.042091,0.214,0.214,0.066752,1,0,417
82.390000,81.060000,0.100000,-6.245104,-2.798442,167.071,-6.274378,-2.734634,166.609,-6.204076,-2.791044,167.285,0.041691,0.214,0.214,0.066269,1,0,418
82.590000,81.260000,0.090000,-6.303607,-2.785082,167.467,-6.350047,-2.717186,167.097,-6.279945,-2.774489,167.772,0.025925,0.306,0.306,0.056670,1,0,419
82.790000,81.460000,0.090000,-6.380375,-2.768123,167.674,-6.432971,-2.696131,167.328,-6.363111,-2.754413,168.004,0.022045,0.329,0.329,0.056064,1,0,420
82.980000,81.650000,0.080000,-6.457464,-2.751315,167.791,-6.506122,-2.679938,167.453,-6.436448,-2.739084,168.129,0.024315,0.338,0.338,0.058872,1,0,421
83.180000,81.850000,0.080000,-6.532585,-2.735162,168.437,-6.581017,-2.663900,168.231,-6.511527,-2.723931,168.906,0.023866,0.470,0.470,0.074512,1,0,422
83.380000,82.050000,0.080000,-6.606331,-2.720428,169.819,-6.654880,-2.649626,169.711,-6.585553,-2.710528,170.387,0.023016,0.568,0.568,0.086684,1,0,423
83.580000,82.250000,0.080000,-6.679778,-2.707793,171.711,-6.728588,-2.637712,171.630,-6.659396,-2.699484,172.306,0.022010,0.595,0.595,0.089685,1,0,424
83.780000,82.450000,0.080000,-6.753812,-2.697588,173.390,-6.802935,-2.628104,173.236,-6.733852,-2.690754,173.911,0.021098,0.522,0.522,0.079607,1,0,425
83.970000,82.640000,0.070000,-6.828554,-2.689341,174.607,-6.874166,-2.620586,174.363,-6.805167,-2.684076,175.039,0.023973,0.432,0.432,0.069854,1,0,426
84.170000,82.840000,0.070000,-6.903515,-2.682654,175.608,-6.994753,-2.615727,175.695,-6.925802,-2.680640,176.371,0.022378,0.762,0.762,0.112366,1,0,427
84.370000,83.040000,0.070000,-6.979221,-2.677000,176.461,-7.070842,-2.610778,176.642,-7.001944,-2.676588,177.318,0.022727,0.857,0.857,0.125338,1,0,428
84.570000,83.240000,0.070000,-7.055518,-2.672627,177.542,-7.147380,-2.607241,177.726,-7.078519,-2.673954,178.402,0.023039,0.860,0.860,0.125920,1,0,429
84.770000,83.440000,0.070000,-7.132590,-2.669650,178.480,-7.224722,-2.605044,178.650,-7.155881,-2.672669,179.325,0.023486,0.845,0.845,0.124005,1,0,430
84.960000,83.630000,0.060000,-7.210432,-2.667851,179.235,-7.298872,-2.603982,179.361,-7.230039,-2.672481,-179.964,0.020146,0.801,0.801,0.116867,1,0,431
85.160000,83.830000,0.060000,-7.288812,-2.667032,179.820,-7.377454,-2.603767,179.949,-7.308618,-2.673193,-179.375,0.020742,0.805,0.805,0.117611,1,0,432
85.360000,84.030000,0.060000,-7.367534,-2.666941,-179.710,-7.456330,-2.604256,-179.560,-7.387483,-2.674612,-178.884,0.021373,0.825,0.825,0.120579,1,0,433
85.560000,84.230000,0.060000,-7.443999,-2.667488,-178.592,-7.532509,-2.605684,-178.325,-7.463640,-2.676938,-177.649,0.021796,0.943,0.943,0.136878,1,0,434
85.760000,84.430000,0.060000,-7.515558,-2.669778,-176.155,-7.603862,-2.609404,-175.801,-7.534944,-2.681499,-175.125,0.022654,1.030,1.030,0.149110,1,0,435
85.960000,84.630000,0.060000,-7.582497,-2.675027,-172.628,-7.670581,-2.616512,-172.218,-7.601574,-2.689394,-171.542,0.023881,1.086,1.086,0.157310,1,0,436
86.150000,84.820000,0.050000,-7.646321,-2.684172,-168.600,-7.731042,-2.627052,-168.398,-7.661906,-2.700646,-167.723,0.022678,0.877,0.877,0.128137,1,0,437
86.350000,85.020000,0.050000,-7.708924,-2.697694,-164.729,-7.735917,-2.702203,-164.329,-7.665894,-2.775849,-163.653,0.089217,1.075,1.075,0.197615,1,0,438
86.550000,85.220000,0.050000,-7.777551,-2.717376,-162.347,-7.804416,-2.723384,-161.975,-7.734139,-2.797836,-161.299,0.091424,1.048,1.048,0.196678,1,0,439
86.750000,85.420000,0.050000,-7.846245,-2.739601,-161.817,-7.872967,-2.746417,-161.456,-7.802414,-2.821676,-160.780,0.093045,1.037,1.037,0.197021,1,0,440
86.950000,85.620000,0.050000,-7.910258,-2.760522,-161.385,-7.936856,-2.768070,-161.019,-7.866043,-2.844081,-160.344,0.094537,1.042,1.042,0.198937,1,0,441
87.140000,85.810000,0.040000,-7.970281,-2.781032,-159.158,-7.993669,-2.788751,-158.946,-7.922608,-2.865431,-158.270,0.096932,0.888,0.888,0.185907,1,0,442
87.340000,86.010000,0.040000,-8.028025,-2.803642,-155.745,-8.050957,-2.812843,-155.570,-7.979608,-2.890196,-154.894,0.099176,0.850,0.850,0.184731,1,0,443
87.540000,86.210000,0.040000,-8.085101,-2.830182,-151.922,-8.107385,-2.840913,-151.772,-8.035701,-2.918930,-151.096,0.101570,0.826,0.826,0.185112,1,0,444
87.740000,86.410000,0.040000,-8.141381,-2.861186,-147.857,-8.162858,-2.873455,-147.716,-8.090787,-2.952123,-147.041,0.104065,0.816,0.816,0.187050,1,0,445
87.940000,86.610000,0.040000,-8.180473,-2.885973,-145.116,-8.213058,-2.907637,-144.280,-8.140580,-2.986896,-143.604,0.108520,1.512,1.512,0.263196,1,0,446
88.140000,86.810000,0.040000,-8.223574,-2.916350,-142.843,-8.253632,-2.938122,-142.158,-8.180792,-3.017857,-141.483,0.110154,1.361,1.361,0.247569,1,0,447
88.330000,87.000000,0.030000,-8.257623,-2.942157,-140.897,-8.270599,-2.926177,-141.447,-8.197899,-3.006113,-140.771,0.087506,0.125,0.125,0.125014,1,0,448
88.540000,87.210000,0.040000,-8.284652,-2.963931,-138.272,-8.303681,-2.904608,-138.717,-8.231233,-2.984935,-138.042,0.057400,0.230,0.230,0.087440,1,0,449
88.730000,87.400000,0.030000,-8.309358,-2.985623,-134.649,-8.326555,-2.926061,-135.180,-8.253853,-3.006656,-134.504,0.059357,0.145,0.145,0.086399,1,0,450
88.930000,87.600000,0.030000,-8.333546,-3.009954,-131.185,-8.350395,-2.951382,-131.817,-8.277392,-3.032257,-131.142,0.060420,0.043,0.043,0.085663,1,0,451
89.130000,87.800000,0.030000,-8.357417,-3.037101,-128.132,-8.373900,-2.979241,-128.794,-8.300567,-3.060391,-128.118,0.061436,0.014,0.014,0.086906,1,0,452
89.330000,88.000000,0.030000,-8.380496,-3.066421,-125.297,-8.396664,-3.009195,-126.001,-8.322976,-3.090611,-125.325,0.062400,-0.028,0.028,0.088336,1,0,453
89.530000,88.200000,0.030000,-8.402833,-3.097963,-122.797,-8.418804,-3.041282,-123.564,-8.344736,-3.122957,-122.888,0.063245,-0.091,0.091,0.090367,1,0,454
89.730000,88.400000,0.030000,-8.424133,-3.131042,-120.782,-8.439866,-3.074443,-121.633,-8.365406,-3.156365,-120.958,0.063954,-0.176,0.176,0.093798,1,0,455
89.930000,88.600000,0.030000,-8.443387,-3.163362,-119.372,-8.459033,-3.106608,-120.321,-8.384192,-3.188753,-119.646,0.064411,-0.273,0.273,0.098958,1,0,456
90.120000,88.790000,0.020000,-8.460835,-3.194365,-118.641,-8.465922,-3.056168,-119.917,-8.391676,-3.138398,-119.241,0.088968,-0.600,0.600,0.151794,1,0,457
90.320000,88.990000,0.020000,-8.479085,-3.227575,-116.756,-8.484461,-3.089786,-117.929,-8.409816,-3.172232,-117.253,0.088663,-0.497,0.497,0.143752,1,0,458
90.520000,89.190000,0.020000,-8.496672,-3.262413,-113.680,-8.501693,-3.124851,-114.848,-8.426634,-3.207498,-114.172,0.089000,-0.492,0.492,0.143787,1,0,459
90.720000,89.390000,0.020000,-8.504660,-3.281229,-112.234,-8.507884,-3.138640,-113.695,-8.432662,-3.221358,-113.020,0.093639,-0.786,0.786,0.172856,1,0,460
90.920000,89.590000,0.020000,-8.504655,-3.281217,-112.236,-8.507907,-3.138692,-113.703,-8.432684,-3.221411,-113.028,0.093577,-0.792,0.792,0.173334,1,0,461
91.120000,89.790000,0.020000,-8.504652,-3.281210,-112.235,-8.507933,-3.138752,-113.701,-8.432709,-3.221471,-113.026,0.093512,-0.790,0.790,0.173140,1,0,462
91.320000,89.990000,0.020000,-8.504649,-3.281202,-112.236,-8.507957,-3.138809,-113.699,-8.432733,-3.221529,-113.023,0.093449,-0.787,0.787,0.172825,1,0,463
91.510000,90.180000,0.010000,-8.504646,-3.281193,-112.236,-8.507980,-3.138862,-113.696,-8.432756,-3.221582,-113.020,0.093391,-0.784,0.784,0.172462,1,0,464
91.710000,90.380000,0.010000,-8.504643,-3.281185,-112.236,-8.508004,-3.138917,-113.693,-8.432779,-3.221637,-113.017,0.093330,-0.781,0.781,0.172062,1,0,465
91.910000,90.580000,0.010000,-8.504714,-3.281120,-111.978,-8.508019,-3.138950,-113.378,-8.432793,-3.221671,-112.702,0.093310,-0.724,0.724,0.167013,1,0,466
92.110000,90.780000,0.010000,-8.505382,-3.280764,-109.827,-8.508017,-3.138945,-111.109,-8.432791,-3.221665,-110.434,0.093606,-0.607,0.607,0.157781,1,0,467
92.300000,90.970000,0.100000,-8.506590,-3.280271,-106.097,-8.508015,-3.138939,-107.493,-8.432789,-3.221659,-106.817,0.094244,-0.720,0.720,0.167725,1,0,468
92.490000,91.160000,0.100000,-8.507876,-3.279849,-102.229,-8.497026,-3.173730,-102.833,-8.421391,-3.256319,-102.157,0.089629,0.071,0.071,0.127157,1,0,469
92.690000,91.360000,0.100000,-8.509222,-3.279506,-98.260,-8.497025,-3.173724,-98.848,-8.421390,-3.256312,-98.172,0.090843,0.088,0.088,0.129072,1,0,470
92.890000,91.560000,0.100000,-8.510588,-3.279254,-94.291,-8.497024,-3.173718,-94.861,-8.421389,-3.256307,-94.185,0.092103,0.106,0.106,0.131105,1,0,471
93.090000,91.760000,0.100000,-8.511968,-3.279106,-90.319,-8.497024,-3.173716,-90.874,-8.421389,-3.256304,-90.199,0.093405,0.121,0.121,0.133194,1,0,472
93.290000,91.960000,0.090000,-8.513044,-3.279064,-87.241,-8.497024,-3.173721,-86.887,-8.421389,-3.256309,-86.212,0.094437,1.030,1.030,0.197591,1,0,473
93.490000,92.160000,0.090000,-8.514434,-3.279058,-83.272,-8.497025,-3.173710,-82.902,-8.421390,-3.256299,-82.226,0.095786,1.045,1.045,0.200518,1,0,474
93.690000,92.360000,0.090000,-8.515819,-3.279154,-79.303,-8.497027,-3.173699,-78.916,-8.421392,-3.256287,-78.240,0.097156,1.063,1.063,0.203636,1,0,475
93.890000,92.560000,0.090000,-8.517194,-3.279348,-75.335,-8.497030,-3.173687,-74.931,-8.421395,-3.256276,-74.255,0.098538,1.080,1.080,0.206705,1,0,476
94.080000,92.750000,0.080000,-8.518551,-3.279639,-71.367,-8.497033,-3.173677,-71.145,-8.421399,-3.256265,-70.470,0.099925,0.897,0.897,0.189901,1,0,477
94.270000,92.940000,0.070000,-8.519884,-3.280025,-67.398,-8.497037,-3.173667,-67.359,-8.421403,-3.256255,-66.684,0.101309,0.715,0.715,0.175348,1,0,478
94.470000,93.140000,0.070000,-8.521185,-3.280506,-63.430,-8.497042,-3.173657,-63.374,-8.421407,-3.256245,-62.698,0.102685,0.732,0.732,0.178341,1,0,479
94.670000,93.340000,0.070000,-8.522450,-3.281077,-59.462,-8.497047,-3.173648,-59.388,-8.421413,-3.256236,-58.713,0.104046,0.749,0.749,0.181312,1,0,480
94.870000,93.540000,0.070000,-8.523670,-3.281737,-55.494,-8.497052,-3.173639,-55.402,-8.421418,-3.256228,-54.727,0.105386,0.767,0.767,0.184311,1,0,481
95.040000,93.710000,0.040000,-8.524553,-3.282287,-52.517,-8.497057,-3.173632,-52.015,-8.421423,-3.256221,-51.339,0.106373,1.178,1.178,0.224466,1,0,482
95.240000,93.910000,0.040000,-8.525956,-3.283306,-47.558,-8.497063,-3.173625,-48.030,-8.421429,-3.256214,-47.354,0.107980,0.204,0.204,0.155398,1,0,483
95.440000,94.110000,0.040000,-8.526753,-3.283976,-44.582,-8.497069,-3.173619,-44.044,-8.421436,-3.256208,-43.368,0.108916,1.213,1.213,0.230584,1,0,484
95.640000,94.310000,0.040000,-8.527759,-3.284931,-40.614,-8.497076,-3.173613,-40.058,-8.421442,-3.256202,-39.383,0.110130,1.232,1.232,0.233649,1,0,485
95.840000,94.510000,0.040000,-8.528696,-3.285955,-36.647,-8.497082,-3.173608,-36.072,-8.421448,-3.256197,-35.397,0.111300,1.250,1.250,0.236686,1,0,486
96.030000,94.700000,0.030000,-8.529561,-3.287041,-32.679,-8.497088,-3.173604,-32.285,-8.421455,-3.256193,-31.610,0.112421,1.069,1.069,0.219439,1,0,487
96.230000,94.900000,0.030000,-8.530348,-3.288184,-28.712,-8.447042,-3.273742,-27.530,-8.370231,-3.355734,-26.854,0.173783,1.857,1.857,0.359724,1,0,488
96.430000,95.100000,0.030000,-8.531056,-3.289379,-24.744,-8.447049,-3.273739,-23.543,-8.370238,-3.355731,-22.868,0.173969,1.877,1.877,0.361883,1,0,489
96.620000,95.290000,0.020000,-8.531680,-3.290619,-20.777,-8.447055,-3.273737,-19.757,-8.370244,-3.355729,-19.081,0.174071,1.696,1.696,0.343701,1,0,490
96.820000,95.490000,0.020000,-8.532217,-3.291900,-16.809,-8.447062,-3.273735,-15.771,-8.370251,-3.355727,-15.095,0.174089,1.714,1.714,0.345499,1,0,491
97.020000,95.690000,0.020000,-8.532666,-3.293214,-12.841,-8.447068,-3.273733,-11.785,-8.370257,-3.355725,-11.109,0.174024,1.733,1.733,0.347276,1,0,492
97.210000,95.880000,0.010000,-8.533024,-3.294556,-8.873,-8.447074,-3.273732,-7.997,-8.370263,-3.355724,-7.321,0.173875,1.552,1.552,0.329620,1,0,493
97.420000,96.090000,0.020000,-8.533291,-3.295919,-4.904,-8.447080,-3.273731,-3.811,-8.370270,-3.355724,-3.135,0.173644,1.769,1.769,0.350556,1,0,494
97.610000,96.280000,0.010000,-8.533455,-3.297298,-0.933,-8.447083,-3.273731,-0.024,-8.370272,-3.355724,0.652,0.173327,1.585,1.585,0.332169,1,0,495
97.810000,96.480000,0.010000,-8.533516,-3.298686,3.039,-8.447078,-3.273731,3.963,-8.370267,-3.355724,4.639,0.172926,1.600,1.600,0.333187,1,0,496
98.010000,96.680000,0.010000,-8.533515,-3.300075,7.008,-8.447088,-3.273732,7.949,-8.370277,-3.355725,8.624,0.172463,1.616,1.616,0.334250,1,0,497
98.190000,96.860000,0.100000,-8.533416,-3.301425,10.878,-8.447098,-3.273734,11.535,-8.370287,-3.355727,12.211,0.171929,1.333,1.333,0.307660,1,0,498
98.390000,97.060000,0.100000,-8.533217,-3.302799,14.846,-8.447109,-3.273737,15.519,-8.370298,-3.355730,16.195,0.171301,1.349,1.349,0.308368,1,0,499
98.590000,97.260000,0.090000,-8.532996,-3.303852,17.921,-8.447120,-3.273740,19.505,-8.370309,-3.355733,20.180,0.170760,2.259,2.259,0.400451,1,0,500
98.790000,97.460000,0.090000,-8.532626,-3.305189,21.890,-8.447130,-3.273744,23.489,-8.370319,-3.355737,24.165,0.169996,2.275,2.275,0.401655,1,0,501
98.980000,97.650000,0.080000,-8.528503,-3.304960,26.434,-8.441990,-3.271200,28.147,-8.365209,-3.353132,28.822,0.170252,2.388,2.388,0.414739,1,0,502
99.170000,97.840000,0.070000,-8.515324,-3.299860,32.748,-8.429448,-3.263463,34.234,-8.352760,-3.345249,34.910,0.168781,2.162,2.162,0.387846,1,0,503
99.370000,98.040000,0.070000,-8.494952,-3.287574,38.610,-8.409641,-3.248243,39.973,-8.333133,-3.329796,40.648,0.167237,2.039,2.039,0.372901,1,0,504
99.550000,98.220000,0.050000,-8.468531,-3.266602,43.168,-8.386712,-3.227388,43.986,-8.310451,-3.308672,44.662,0.163582,1.494,1.494,0.313269,1,0,505
99.740000,98.410000,0.040000,-8.436814,-3.236512,45.997,-8.357675,-3.197729,46.686,-8.281767,-3.278672,47.362,0.160677,1.365,1.365,0.298128,1,0,506
99.940000,98.610000,0.040000,-8.399686,-3.197678,47.387,-8.321582,-3.158213,48.112,-8.246142,-3.238733,48.788,0.158939,1.401,1.401,0.299675,1,0,507
100.140000,98.810000,0.040000,-8.356606,-3.150703,47.571,-8.279364,-3.110737,48.340,-8.204487,-3.190763,49.016,0.157305,1.445,1.445,0.302063,1,0,508
100.340000,99.010000,0.040000,-8.307241,-3.096859,46.752,-8.230598,-3.056392,47.601,-8.156365,-3.135847,48.276,0.155832,1.524,1.524,0.308259,1,0,509
100.540000,99.210000,0.040000,-8.269930,-3.057293,45.455,-8.181182,-3.003725,45.777,-8.107573,-3.082601,46.452,0.164317,0.997,0.997,0.271797,1,0,510
100.740000,99.410000,0.040000,-8.221383,-3.008864,42.346,-8.132333,-2.956297,42.470,-8.059287,-3.034600,43.145,0.164126,0.800,0.800,0.258196,1,0,511
100.940000,99.610000,0.040000,-8.171450,-2.964479,38.803,-8.081603,-2.912753,38.933,-8.009075,-2.990461,39.609,0.164441,0.806,0.806,0.258996,1,0,512
101.140000,99.810000,0.040000,-8.119256,-2.923551,35.306,-8.028664,-2.872681,35.457,-7.956611,-2.949767,36.133,0.164744,0.827,0.827,0.260693,1,0,513
101.330000,100.000000,0.030000,-8.064896,-2.886005,31.924,-7.976475,-2.837757,32.261,-7.904838,-2.914230,32.937,0.162527,1.013,1.013,0.270821,1,0,514
101.530000,100.200000,0.030000,-8.008478,-2.851770,28.748,-7.919450,-2.804054,29.121,-7.848215,-2.879857,29.797,0.162706,1.049,1.049,0.273803,1,0,515
101.720000,100.390000,0.020000,-7.949381,-2.820207,25.724,-7.862745,-2.774425,26.274,-7.791862,-2.849562,26.950,0.160230,1.226,1.226,0.285307,1,0,516
101.920000,100.590000,0.020000,-7.887891,-2.791382,22.523,-7.800878,-2.746082,23.019,-7.730334,-2.820491,23.695,0.160223,1.172,1.172,0.280706,1,0,517
102.120000,100.790000,0.020000,-7.825130,-2.766289,18.813,-7.737699,-2.721729,19.268,-7.667447,-2.795394,19.943,0.160347,1.130,1.130,0.277437,1,0,518
102.310000,100.980000,0.010000,-7.760567,-2.745279,15.088,-7.675983,-2.702382,15.740,-7.605963,-2.775322,16.415,0.157496,1.327,1.327,0.291259,1,0,519
102.490000,101.160000,0.100000,-7.695690,-2.728690,11.530,-7.615863,-2.687397,12.450,-7.546024,-2.759628,13.126,0.152831,1.596,1.596,0.312502,1,0,520
102.690000,101.360000,0.090000,-7.642349,-2.718165,8.918,-7.546585,-2.674368,9.123,-7.476905,-2.745784,9.799,0.167734,0.881,0.881,0.267953,1,0,521
102.880000,101.550000,0.080000,-7.572432,-2.707985,5.930,-7.522946,-2.521657,4.991,-7.455067,-2.592805,5.666,0.164441,-0.264,0.264,0.235525,1,0,522
103.080000,101.750000,0.080000,-7.509404,-2.702122,1.499,-7.462768,-2.497662,0.196,-7.395177,-2.568101,0.871,0.176094,-0.627,0.627,0.264372,1,0,523
103.280000,101.950000,0.080000,-7.447655,-2.701579,-4.683,-7.400267,-2.501055,-6.179,-7.332641,-2.570757,-5.504,0.174191,-0.821,0.821,0.272341,1,0,524
103.470000,102.140000,0.070000,-7.381071,-2.708736,-11.408,-7.336689,-2.511871,-12.470,-7.268939,-2.580823,-11.795,0.170104,-0.386,0.386,0.246694,1,0,525
103.670000,102.340000,0.070000,-7.308254,-2.725332,-16.656,-7.263856,-2.531936,-17.512,-7.195875,-2.600028,-16.836,0.168315,-0.181,0.181,0.239401,1,0,526
103.870000,102.540000,0.070000,-7.234866,-2.748608,-20.018,-7.191588,-2.557442,-20.672,-7.123311,-2.624680,-19.996,0.166742,0.022,0.022,0.235829,1,0,527
104.040000,102.710000,0.040000,-7.167664,-2.773752,-21.590,-7.134872,-2.579951,-21.975,-7.066333,-2.646518,-21.300,0.162654,0.290,0.290,0.233664,1,0,528
104.250000,102.920000,0.050000,-7.105482,-2.798503,-21.281,-7.069631,-2.606612,-21.674,-7.000782,-2.672408,-20.998,0.163896,0.283,0.283,0.235203,1,0,529
104.440000,103.110000,0.040000,-7.045468,-2.821601,-19.184,-7.012494,-2.628617,-19.727,-6.943390,-2.693738,-19.051,0.163612,0.133,0.133,0.232146,1,0,530
104.640000,103.310000,0.040000,-7.000254,-2.837198,-16.524,-6.951747,-2.648625,-16.127,-6.882411,-2.713028,-15.452,0.171188,1.072,1.072,0.285635,1,0,531
104.840000,103.510000,0.040000,-6.938314,-2.854728,-12.556,-6.889063,-2.664686,-12.213,-6.819542,-2.728349,-11.537,0.173431,1.019,1.019,0.284464,1,0,532
105.040000,103.710000,0.040000,-6.873268,-2.868310,-8.763,-6.823007,-2.676905,-8.364,-6.753346,-2.739788,-7.688,0.175781,1.075,1.075,0.291396,1,0,533
105.240000,103.910000,0.040000,-6.805428,-2.877771,-5.039,-6.754178,-2.684984,-4.755,-6.684427,-2.747055,-4.079,0.178123,0.960,0.960,0.286161,1,0,534
105.430000,104.100000,0.030000,-6.733757,-2.883168,-2.035,-6.685478,-2.689224,-1.974,-6.615682,-2.750485,-1.299,0.177613,0.736,0.736,0.271916,1,0,535
105.630000,104.300000,0.030000,-6.659931,-2.884948,0.542,-6.611086,-2.690355,0.499,-6.541282,-2.750738,1.175,0.179137,0.633,0.633,0.268678,1,0,536
105.830000,104.500000,0.030000,-6.583420,-2.883580,2.299,-6.534120,-2.688768,2.184,-6.464340,-2.748244,2.860,0.180267,0.561,0.561,0.266992,1,0,537
106.020000,104.690000,0.020000,-6.505402,-2.879947,3.590,-6.459683,-2.685383,3.350,-6.389948,-2.743981,4.026,0.178371,0.436,0.436,0.259678,1,0,538
106.170000,104.840000,0.070000,-6.445897,-2.876094,4.076,-6.400009,-2.681871,3.777,-6.330320,-2.739766,4.453,0.178727,0.377,0.377,0.258311,1,0,539
106.360000,105.030000,0.060000,-6.367382,-2.870379,4.311,-6.325334,-2.677072,3.960,-6.255706,-2.734086,4.636,0.176203,0.324,0.324,0.253373,1,0,540
106.560000,105.230000,0.060000,-6.291796,-2.864745,3.518,-6.249818,-2.672527,3.074,-6.180249,-2.728651,3.750,0.175967,0.232,0.232,0.251000,1,0,541
106.760000,105.430000,0.060000,-6.219862,-2.860868,1.467,-6.177697,-2.670212,1.003,-6.108161,-2.725486,1.679,0.175515,0.212,0.212,0.250025,1,0,542
106.950000,105.620000,0.050000,-6.151612,-2.859569,-1.388,-6.112981,-2.670663,-1.747,-6.043444,-2.725173,-1.072,0.172518,0.316,0.316,0.248035,1,0,543
107.150000,105.820000,0.050000,-6.088794,-2.861855,-5.572,-6.050163,-2.675086,-5.944,-5.980578,-2.728855,-5.269,0.171463,0.304,0.304,0.246256,1,0,544
107.340000,106.010000,0.040000,-6.028314,-2.868590,-10.075,-5.992832,-2.683499,-10.233,-5.923152,-2.736592,-9.558,0.168768,0.517,0.517,0.249617,1,0,545
107.550000,106.220000,0.050000,-5.969326,-2.879855,-14.478,-5.931195,-2.697495,-14.850,-5.861354,-2.749861,-14.174,0.168987,0.304,0.304,0.242829,1,0,546
107.740000,106.410000,0.040000,-5.925879,-2.891227,-17.663,-5.876544,-2.714345,-18.841,-5.806508,-2.766065,-18.165,0.172960,-0.503,0.503,0.254718,1,0,547
107.940000,106.610000,0.040000,-5.867819,-2.910495,-21.697,-5.819357,-2.736411,-22.887,-5.749065,-2.787455,-22.212,0.171001,-0.515,0.515,0.252560,1,0,548
108.130000,106.800000,0.030000,-5.810734,-2.934119,-25.758,-5.765686,-2.761569,-26.706,-5.695101,-2.811978,-26.031,0.168195,-0.273,0.273,0.240970,1,0,549
108.320000,106.990000,0.020000,-5.752516,-2.963304,-29.506,-5.710761,-2.791799,-30.154,-5.639823,-2.841558,-29.479,0.165897,0.027,0.027,0.234646,1,0,550
108.520000,107.190000,0.020000,-5.692080,-2.998412,-32.579,-5.675087,-2.821977,-34.331,-5.603796,-2.871314,-33.656,0.154752,-1.077,1.077,0.266646,1,0,551
108.720000,107.390000,0.020000,-5.635419,-3.035779,-36.182,-5.620348,-2.862478,-37.900,-5.548583,-2.911166,-37.224,0.151884,-1.043,1.043,0.260532,1,0,552
108.910000,107.580000,0.010000,-5.574347,-3.081535,-38.166,-5.563216,-2.908879,-39.678,-5.490907,-2.956890,-39.002,0.149995,-0.836,0.836,0.242832,1,0,553
109.110000,107.780000,0.010000,-5.513075,-3.129986,-38.474,-5.503317,-2.959123,-39.923,-5.430420,-3.006425,-39.247,0.148658,-0.773,0.773,0.236941,1,0,554
109.300000,107.970000,0.100000,-5.454470,-3.176420,-37.601,-5.448687,-3.004478,-39.050,-5.375260,-3.051132,-38.374,0.148228,-0.773,0.773,0.236406,1,0,555
109.490000,108.160000,0.100000,-5.398311,-3.219163,-35.929,-5.394677,-3.047260,-37.421,-5.320749,-3.093275,-36.746,0.147864,-0.817,0.817,0.238874,1,0,556
109.690000,108.360000,0.100000,-5.338718,-3.261578,-34.120,-5.335806,-3.090900,-35.598,-5.261368,-3.136217,-34.922,0.147305,-0.802,0.802,0.237188,1,0,557
109.890000,108.560000,0.100000,-5.274347,-3.304851,-33.378,-5.272430,-3.135791,-34.838,-5.197466,-3.180358,-34.162,0.146319,-0.784,0.784,0.234744,1,0,558
110.090000,108.760000,0.090000,-5.223149,-3.338544,-33.246,-5.207527,-3.181009,-34.647,-5.132035,-3.224807,-33.971,0.145732,-0.725,0.725,0.230211,1,0,559
110.280000,108.950000,0.080000,-5.158046,-3.381166,-32.799,-5.130073,-3.251661,-32.994,-5.053753,-3.294542,-32.318,0.135576,0.481,0.481,0.203456,1,0,560
110.480000,109.150000,0.080000,-5.099273,-3.418667,-30.696,-5.071949,-3.288157,-30.607,-4.995203,-3.330349,-29.931,0.136495,0.764,0.764,0.221218,1,0,561
110.680000,109.350000,0.080000,-5.045662,-3.449902,-26.792,-5.018469,-3.317648,-26.419,-4.941379,-3.359208,-25.744,0.138204,1.049,1.049,0.245360,1,0,562
110.870000,109.540000,0.070000,-4.993648,-3.475332,-21.145,-4.968485,-3.339807,-20.900,-4.891136,-3.380776,-20.225,0.139462,0.920,0.920,0.236269,1,0,563
111.070000,109.740000,0.070000,-4.942503,-3.494291,-15.184,-4.916787,-3.356671,-14.969,-4.839244,-3.397029,-14.294,0.141854,0.890,0.890,0.236847,1,0,564
111.270000,109.940000,0.070000,-4.892085,-3.507331,-9.542,-4.865848,-3.367744,-9.364,-4.788178,-3.407500,-8.688,0.144094,0.854,0.854,0.236875,1,0,565
111.470000,110.140000,0.070000,-4.840987,-3.515349,-4.178,-4.814272,-3.373878,-4.003,-4.736533,-3.413026,-3.327,0.146221,0.851,0.851,0.239276,1,0,566
111.670000,110.340000,0.070000,-4.788739,-3.518607,1.108,-4.761932,-3.375239,1.301,-4.684181,-3.413769,1.977,0.148066,0.869,0.869,0.242782,1,0,567
111.860000,110.530000,0.060000,-4.736897,-3.517039,6.427,-4.712538,-3.372017,6.364,-4.634828,-3.409965,7.039,0.147929,0.612,0.612,0.226405,1,0,568
112.060000,110.730000,0.060000,-4.682689,-3.510257,11.542,-4.658362,-3.363606,11.494,-4.580755,-3.400916,12.170,0.149486,0.628,0.628,0.229289,1,0,569
112.260000,110.930000,0.060000,-4.626443,-3.497834,16.496,-4.702162,-3.304180,15.788,-4.625252,-3.342010,16.463,0.155828,-0.032,0.032,0.220422,1,0,570
112.460000,111.130000,0.060000,-4.562857,-3.477926,19.837,-4.637860,-3.283944,18.977,-4.561193,-3.321018,19.652,0.156917,-0.184,0.184,0.223438,1,0,571
112.660000,111.330000,0.060000,-4.495913,-3.453155,21.417,-4.570543,-3.259817,20.549,-4.494166,-3.296099,21.224,0.157066,-0.193,0.193,0.223787,1,0,572
112.850000,111.520000,0.050000,-4.430533,-3.427203,23.006,-4.508075,-3.235802,22.023,-4.431986,-3.271349,22.699,0.155861,-0.307,0.307,0.224651,1,0,573
113.050000,111.720000,0.050000,-4.367499,-3.399810,25.538,-4.444741,-3.208766,24.530,-4.368974,-3.243567,25.205,0.156250,-0.332,0.332,0.225915,1,0,574
113.250000,111.920000,0.050000,-4.306360,-3.369830,28.494,-4.383354,-3.178982,27.470,-4.307943,-3.213062,28.146,0.156776,-0.348,0.348,0.227126,1,0,575
113.440000,112.110000,0.040000,-4.246667,-3.336548,31.700,-4.326422,-3.147567,30.501,-4.251385,-3.180978,31.177,0.155642,-0.523,0.523,0.232201,1,0,576
113.640000,112.310000,0.040000,-4.188158,-3.299411,34.964,-4.267635,-3.110728,33.773,-4.193037,-3.143448,34.448,0.156039,-0.516,0.516,0.232409,1,0,577
113.840000,112.510000,0.040000,-4.130884,-3.258352,38.023,-4.209981,-3.069990,36.836,-4.135867,-3.102033,37.512,0.156398,-0.511,0.511,0.232703,1,0,578
114.030000,112.700000,0.030000,-4.088836,-3.225116,40.004,-4.156373,-3.027986,39.352,-4.082759,-3.059400,40.028,0.165827,0.024,0.024,0.234539,1,0,579
114.240000,112.910000,0.040000,-4.033528,-3.177724,42.369,-4.107705,-2.998646,41.957,-4.034440,-3.029488,42.633,0.148239,0.264,0.264,0.212949,1,0,580
114.440000,113.110000,0.040000,-3.979506,-3.127612,44.719,-4.053580,-2.948111,44.282,-3.980914,-2.978318,44.957,0.149300,0.239,0.239,0.213820,1,0,581
114.630000,113.300000,0.030000,-3.926037,-3.073751,46.492,-4.002262,-2.896707,45.864,-3.930206,-2.926313,46.539,0.147497,0.047,0.047,0.208698,1,0,582
114.820000,113.490000,0.020000,-3.872867,-3.017035,47.702,-3.951079,-2.843005,46.947,-3.879660,-2.872011,47.623,0.145183,-0.079,0.079,0.205625,1,0,583
115.030000,113.700000,0.030000,-3.819843,-2.958284,48.428,-3.894495,-2.781753,47.645,-3.823802,-2.810096,48.321,0.148241,-0.107,0.107,0.210185,1,0,584
115.220000,113.890000,0.020000,-3.767321,-2.898845,48.699,-3.843757,-2.725985,47.856,-3.773725,-2.753734,48.531,0.145253,-0.168,0.168,0.206780,1,0,585
115.420000,114.090000,0.020000,-3.715415,-2.839750,48.653,-3.790781,-2.667646,47.793,-3.721441,-2.694774,48.469,0.145101,-0.184,0.184,0.206856,1,0,586
115.610000,114.280000,0.010000,-3.663132,-2.780324,48.656,-3.740090,-2.611877,47.804,-3.671411,-2.638411,48.479,0.142154,-0.177,0.177,0.202589,1,0,587
115.810000,114.480000,0.010000,-3.611059,-2.720953,49.042,-3.687089,-2.553146,48.192,-3.619106,-2.579059,48.867,0.142122,-0.174,0.174,0.202497,1,0,588
116.010000,114.680000,0.010000,-3.559664,-2.661516,49.472,-3.634792,-2.494337,48.623,-3.567507,-2.519637,49.298,0.142095,-0.173,0.173,0.202437,1,0,589
116.190000,114.860000,0.100000,-3.509382,-2.602631,49.451,-3.587387,-2.440606,48.610,-3.520738,-2.465352,49.286,0.137748,-0.165,0.165,0.196206,1,0,590
116.390000,115.060000,0.100000,-3.460642,-2.546010,48.861,-3.475063,-2.488598,47.530,-3.407856,-2.512015,48.205,0.062786,-0.656,0.656,0.128408,1,0,591
116.590000,115.260000,0.090000,-3.426484,-2.506945,49.518,-3.430196,-2.439090,48.482,-3.363576,-2.461982,49.158,0.077325,-0.360,0.360,0.120614,1,0,592
116.790000,115.460000,0.090000,-3.383261,-2.455730,51.868,-3.386417,-2.387521,51.193,-3.320408,-2.409900,51.869,0.077787,0.001,0.001,0.110007,1,0,593
116.990000,115.660000,0.090000,-3.342200,-2.402068,56.101,-3.345985,-2.333173,55.795,-3.280619,-2.355080,56.470,0.077461,0.369,0.369,0.121344,1,0,594
117.180000,115.850000,0.080000,-3.303569,-2.341879,61.250,-3.309530,-2.274190,60.606,-3.244863,-2.295671,61.281,0.074709,0.031,0.031,0.105748,1,0,595
117.380000,116.050000,0.080000,-3.267977,-2.273840,65.234,-3.273991,-2.205543,64.330,-3.210136,-2.226609,65.006,0.074675,-0.228,0.228,0.110427,1,0,596
117.580000,116.250000,0.080000,-3.237378,-2.205473,67.428,-3.243100,-2.138018,66.255,-3.180043,-2.158725,66.930,0.073977,-0.498,0.498,0.126126,1,0,597
117.770000,116.440000,0.070000,-3.210773,-2.140721,67.745,-3.216632,-2.077364,66.334,-3.154292,-2.097762,67.010,0.070962,-0.735,0.735,0.144532,1,0,598
117.970000,116.640000,0.070000,-3.185247,-2.078752,66.228,-3.188996,-2.016340,64.633,-3.127378,-2.036417,65.309,0.071702,-0.919,0.919,0.164895,1,0,599
118.170000,116.840000,0.070000,-3.158183,-2.018666,62.978,-3.159146,-1.957575,61.227,-3.098223,-1.977305,61.903,0.072843,-1.075,1.075,0.183687,1,0,600
118.360000,117.030000,0.060000,-3.127130,-1.959847,59.074,-3.126785,-1.902966,57.547,-3.066508,-1.922317,58.223,0.071299,-0.851,0.851,0.157021,1,0,601
118.560000,117.230000,0.060000,-3.091570,-1.902392,55.330,-3.088451,-1.846989,53.843,-3.028836,-1.865892,54.518,0.072579,-0.811,0.811,0.153954,1,0,602
118.750000,117.420000,0.050000,-3.051117,-1.845483,52.123,-3.047729,-1.794402,50.810,-2.988738,-1.812828,51.486,0.070409,-0.637,0.637,0.134239,1,0,603
118.950000,117.620000,0.050000,-3.006259,-1.789166,49.378,-3.000732,-1.739641,48.073,-2.942390,-1.757518,48.749,0.071280,-0.628,0.628,0.134385,1,0,604
119.140000,117.810000,0.040000,-2.957435,-1.733392,47.122,-2.952578,-1.688149,45.919,-2.894846,-1.705461,46.594,0.068538,-0.528,0.528,0.122355,1,0,605
119.340000,118.010000,0.040000,-2.905193,-1.678035,45.420,-2.898681,-1.634301,44.193,-2.841588,-1.650981,44.869,0.069120,-0.551,0.551,0.125012,1,0,606
119.540000,118.210000,0.040000,-2.850187,-1.622854,44.250,-2.842137,-1.580586,42.998,-2.785681,-1.596603,43.674,0.069642,-0.576,0.576,0.127784,1,0,607
119.730000,118.400000,0.030000,-2.807457,-1.581380,43.815,-2.838830,-1.520662,42.622,-2.783081,-1.536645,43.298,0.050945,-0.517,0.517,0.102666,1,0,608
119.930000,118.600000,0.030000,-2.751473,-1.527764,43.127,-2.781940,-1.468923,41.673,-2.726805,-1.484238,42.349,0.050030,-0.778,0.778,0.130837,1,0,609
120.120000,118.790000,0.020000,-2.695952,-1.476617,40.731,-2.727223,-1.422160,39.298,-2.672644,-1.436834,39.973,0.046109,-0.758,0.758,0.125426,1,0,610
120.310000,118.980000,0.010000,-2.635938,-1.425899,38.991,-2.668367,-1.375450,37.772,-2.614342,-1.389432,38.448,0.042382,-0.543,0.543,0.097438,1,0,611
120.510000,119.180000,0.010000,-2.575573,-1.377294,38.743,-2.606952,-1.328195,37.611,-2.553489,-1.341456,38.286,0.042096,-0.456,0.456,0.087796,1,0,612
120.700000,119.370000,0.000000,-2.516245,-1.329599,39.192,-2.549682,-1.283877,38.055,-2.496746,-1.296466,38.730,0.038444,-0.461,0.461,0.084914,1,0,613
120.900000,119.570000,0.000000,-2.458033,-1.281814,40.127,-2.490582,-1.236966,38.981,-2.438202,-1.248862,39.657,0.038459,-0.470,0.470,0.085924,1,0,614
121.090000,119.760000,0.100000,-2.402261,-1.234355,41.317,-2.435431,-1.191482,40.136,-2.383592,-1.202731,40.812,0.036724,-0.504,0.504,0.088246,1,0,615
121.290000,119.960000,0.090000,-2.358550,-1.195720,42.338,-2.378232,-1.142187,41.442,-2.326978,-1.152764,42.117,0.053311,-0.221,0.221,0.081617,1,0,616
121.490000,120.160000,0.090000,-2.302782,-1.144354,43.628,-2.321744,-1.091221,42.720,-2.271095,-1.101135,43.395,0.053591,-0.233,0.233,0.082627,1,0,617
121.680000,120.350000,0.080000,-2.247802,-1.091415,44.868,-2.268849,-1.041420,43.911,-2.218791,-1.050714,44.587,0.049982,-0.281,0.281,0.081110,1,0,618
121.870000,120.540000,0.070000,-2.194425,-1.037703,46.348,-2.217595,-0.990923,45.359,-2.168135,-0.999616,46.035,0.046279,-0.313,0.313,0.078992,1,0,619
122.070000,120.740000,0.070000,-2.143623,-0.983781,48.272,-2.166421,-0.937485,47.347,-2.117596,-0.945579,48.023,0.046226,-0.249,0.249,0.074233,1,0,620
122.270000,120.940000,0.070000,-2.095544,-0.928908,50.534,-2.117959,-0.882813,49.612,-2.069781,-0.890339,50.288,0.046382,-0.246,0.246,0.074235,1,0,621
122.460000,121.130000,0.060000,-2.049799,-0.872342,52.733,-2.074044,-0.829290,51.695,-2.026501,-0.836303,52.370,0.042914,-0.363,0.363,0.079468,1,0,622
122.640000,121.310000,0.040000,-2.006254,-0.814129,54.745,-2.034211,-0.777218,53.505,-1.987284,-0.783764,54.180,0.035804,-0.564,0.564,0.094520,1,0,623
122.850000,121.520000,0.050000,-1.964584,-0.754234,56.547,-1.989591,-0.714774,55.406,-1.943404,-0.720798,56.081,0.039579,-0.466,0.466,0.086425,1,0,624
123.040000,121.710000,0.040000,-1.924555,-0.692708,58.273,-1.950748,-0.656724,57.051,-1.905248,-0.662294,57.727,0.036024,-0.547,0.547,0.092579,1,0,625
123.240000,121.910000,0.040000,-1.886085,-0.629518,60.016,-1.911356,-0.593958,58.794,-1.866599,-0.599068,59.469,0.036150,-0.546,0.546,0.092661,1,0,626
123.440000,122.110000,0.040000,-1.858352,-0.581106,61.338,-1.873689,-0.529642,60.577,-1.829693,-0.534313,61.252,0.054872,-0.086,0.086,0.078552,1,0,627
123.630000,122.300000,0.030000,-1.823358,-0.515969,63.354,-1.840189,-0.467942,62.558,-1.796923,-0.472222,63.234,0.051114,-0.120,0.120,0.074259,1,0,628
123.830000,122.500000,0.030000,-1.791001,-0.450040,65.575,-1.807393,-0.401747,64.694,-1.764910,-0.405645,65.370,0.051495,-0.205,0.205,0.078405,1,0,629
124.020000,122.690000,0.020000,-1.759416,-0.379270,66.559,-1.776167,-0.334272,65.467,-1.734482,-0.337806,66.143,0.048384,-0.416,0.416,0.090199,1,0,630
124.210000,122.880000,0.010000,-1.728057,-0.306689,66.543,-1.744957,-0.265874,65.404,-1.704081,-0.269045,66.079,0.044631,-0.464,0.464,0.091031,1,0,631
124.410000,123.080000,0.010000,-1.696762,-0.234946,66.079,-1.711986,-0.194720,64.937,-1.671951,-0.197507,65.612,0.044914,-0.466,0.466,0.091574,1,0,632
124.590000,123.260000,0.100000,-1.665526,-0.164874,65.836,-1.681721,-0.130537,64.723,-1.642445,-0.132971,65.399,0.039376,-0.437,0.437,0.083209,1,0,633
124.790000,123.460000,0.090000,-1.640725,-0.109489,66.519,-1.648735,-0.059590,65.729,-1.610297,-0.061640,66.404,0.056705,-0.114,0.114,0.081804,1,0,634
124.980000,123.650000,0.080000,-1.610337,-0.038272,67.929,-1.619154,0.007984,67.005,-1.581516,0.006278,67.680,0.053060,-0.248,0.248,0.082838,1,0,635
125.180000,123.850000,0.080000,-1.581468,0.033919,68.788,-1.589207,0.079969,67.767,-1.552419,0.078611,68.443,0.053303,-0.345,0.345,0.089824,1,0,636
125.370000,124.040000,0.070000,-1.553795,0.105641,69.536,-1.562013,0.147472,68.606,-1.526023,0.146430,69.281,0.049346,-0.255,0.255,0.078564,1,0,637
125.560000,124.230000,0.060000,-1.528126,0.175382,70.824,-1.536839,0.213427,69.864,-1.501629,0.212677,70.540,0.045749,-0.284,0.284,0.076121,1,0,638
125.760000,124.430000,0.060000,-1.505062,0.243123,72.784,-1.513211,0.281011,71.860,-1.478799,0.280535,72.536,0.045710,-0.248,0.248,0.073529,1,0,639
125.950000,124.620000,0.050000,-1.484888,0.310203,75.312,-1.493653,0.344724,74.284,-1.459994,0.344474,74.959,0.042358,-0.353,0.353,0.077944,1,0,640
126.140000,124.810000,0.040000,-1.467936,0.377786,78.114,-1.477099,0.408959,76.953,-1.444199,0.408900,77.629,0.039135,-0.485,0.485,0.088121,1,0,641
126.340000,125.010000,0.040000,-1.457332,0.429354,80.021,-1.462669,0.477941,79.475,-1.430583,0.478047,80.151,0.055557,0.130,0.130,0.080697,1,0,642
126.530000,125.200000,0.030000,-1.445604,0.499519,82.275,-1.451412,0.544810,81.622,-1.420116,0.545044,82.297,0.052175,0.022,0.022,0.073855,1,0,643
126.730000,125.400000,0.030000,-1.436579,0.570861,84.553,-1.442200,0.616500,83.885,-1.411749,0.616838,84.561,0.052254,0.008,0.008,0.073907,1,0,644
126.930000,125.600000,0.030000,-1.430254,0.643717,86.729,-1.435644,0.689630,86.054,-1.406056,0.690041,86.730,0.052262,0.001,0.001,0.073910,1,0,645
127.130000,125.800000,0.030000,-1.426635,0.718069,88.662,-1.431657,0.764331,87.953,-1.402951,0.764783,88.628,0.052375,-0.034,0.034,0.074224,1,0,646
127.320000,125.990000,0.020000,-1.425439,0.793694,90.340,-1.430001,0.836484,89.512,-1.402145,0.836951,90.188,0.049130,-0.152,0.152,0.072724,1,0,647
127.520000,126.190000,0.020000,-1.426330,0.871016,91.505,-1.430036,0.914097,90.654,-1.403096,0.914558,91.329,0.049353,-0.175,0.175,0.074062,1,0,648
127.720000,126.390000,0.020000,-1.428691,0.949440,92.344,-1.431379,0.992821,91.452,-1.405367,0.993260,92.127,0.049640,-0.217,0.217,0.076629,1,0,649
127.920000,126.590000,0.020000,-1.432149,1.028801,92.827,-1.433621,1.072456,91.886,-1.408548,1.072864,92.562,0.049985,-0.265,0.265,0.080035,1,0,650
128.110000,126.780000,0.010000,-1.436142,1.108039,92.969,-1.436094,1.147895,92.004,-1.411910,1.148268,92.680,0.046963,-0.289,0.289,0.077959,1,0,651
128.300000,126.970000,0.000000,-1.440196,1.186011,92.810,-1.438575,1.221943,91.844,-1.415264,1.222282,92.520,0.044013,-0.290,0.290,0.074551,1,0,652
128.490000,127.160000,0.100000,-1.443460,1.258310,91.405,-1.440089,1.292556,90.486,-1.417611,1.292872,91.162,0.043159,-0.243,0.243,0.070075,1,0,653
128.690000,127.360000,0.090000,-1.444683,1.314551,89.912,-1.439484,1.364416,88.394,-1.417853,1.364734,89.070,0.056905,-0.842,0.842,0.143724,1,0,654
128.870000,127.540000,0.070000,-1.444051,1.379646,86.542,-1.436322,1.422021,85.112,-1.415371,1.422372,85.787,0.051459,-0.755,0.755,0.129189,1,0,655
129.070000,127.740000,0.070000,-1.439581,1.440498,81.920,-1.428664,1.482441,80.453,-1.408425,1.482878,81.129,0.052600,-0.791,0.791,0.134334,1,0,656
129.260000,127.930000,0.060000,-1.430360,1.499666,77.287,-1.417010,1.538204,76.066,-1.397430,1.538775,76.742,0.051126,-0.546,0.546,0.105748,1,0,657
129.460000,128.130000,0.060000,-1.416373,1.558028,72.949,-1.400240,1.595977,71.755,-1.381342,1.596741,72.430,0.052210,-0.519,0.519,0.104081,1,0,658
129.660000,128.330000,0.060000,-1.398139,1.614981,68.856,-1.379359,1.652203,67.680,-1.361126,1.653210,68.356,0.053211,-0.500,0.500,0.103307,1,0,659
129.840000,128.510000,0.040000,-1.375548,1.671358,64.708,-1.356902,1.702079,63.949,-1.339258,1.703348,64.625,0.048376,-0.083,0.083,0.069413,1,0,660
130.040000,128.710000,0.040000,-1.348077,1.727515,60.432,-1.327288,1.757177,59.683,-1.310296,1.758791,60.359,0.049047,-0.073,0.073,0.070121,1,0,661
130.240000,128.910000,0.040000,-1.324004,1.769503,57.230,-1.199438,1.964221,54.875,-1.184896,1.967328,55.550,0.241838,-1.679,1.679,0.416394,1,0,662
130.440000,129.110000,0.040000,-1.289386,1.821804,52.329,-1.161178,2.013841,49.754,-1.147224,2.017395,50.429,0.241798,-1.900,1.900,0.434891,1,0,663
130.640000,129.310000,0.040000,-1.248574,1.872605,46.700,-1.115788,2.062226,44.257,-1.102408,2.066313,44.933,0.242667,-1.767,1.767,0.424545,1,0,664
130.830000,129.500000,0.030000,-1.199327,1.922924,42.100,-1.065459,2.107525,40.099,-1.052617,2.112202,40.775,0.239479,-1.325,1.325,0.387076,1,0,665
131.030000,129.700000,0.030000,-1.143577,1.971823,38.690,-1.006847,2.153819,36.828,-0.994555,2.159184,37.504,0.239399,-1.186,1.186,0.377811,1,0,666
131.230000,129.900000,0.030000,-1.083892,2.018502,36.090,-0.944863,2.197909,34.319,-0.933095,2.204001,34.994,0.239060,-1.096,1.096,0.371907,1,0,667
131.430000,130.100000,0.030000,-1.021623,2.062997,33.999,-0.880688,2.239833,32.268,-0.869419,2.246680,32.943,0.238549,-1.056,1.056,0.368935,1,0,668
131.630000,130.300000,0.030000,-0.958345,2.104895,32.075,-0.816188,2.278855,30.224,-0.805383,2.286459,30.900,0.237409,-1.175,1.175,0.374622,1,0,669
131.820000,130.490000,0.020000,-0.898107,2.141842,29.262,-0.757599,2.311021,27.503,-0.747178,2.319314,28.179,0.232972,-1.083,1.083,0.363358,1,0,670
132.020000,130.690000,0.020000,-0.837508,2.174968,26.357,-0.695484,2.341217,24.596,-0.685423,2.350240,25.272,0.232056,-1.085,1.085,0.362271,1,0,671
132.220000,130.890000,0.020000,-0.776445,2.204452,23.413,-0.633050,2.367720,21.644,-0.623306,2.377478,22.320,0.231062,-1.093,1.093,0.361505,1,0,672
132.410000,131.080000,0.010000,-0.712668,2.231238,20.832,-0.643511,2.295368,21.161,-0.632913,2.305007,21.837,0.108640,1.004,1.004,0.209210,1,0,673
132.610000,131.280000,0.010000,-0.640135,2.258381,20.043,-0.570441,2.322783,20.431,-0.560171,2.333282,21.107,0.109564,1.064,1.064,0.215983,1,0,674
132.810000,131.480000,0.010000,-0.569163,2.284453,20.491,-0.499863,2.349343,20.876,-0.489911,2.360672,21.552,0.109956,1.060,1.060,0.216040,1,0,675
133.000000,131.670000,0.000000,-0.503427,2.308935,19.688,-0.437450,2.372652,20.080,-0.427777,2.384716,20.756,0.107077,1.067,1.067,0.213815,1,0,676
133.200000,131.870000,0.100000,-0.439453,2.331401,17.714,-0.373236,2.394839,18.109,-0.363830,2.407658,18.785,0.107396,1.071,1.071,0.214487,1,0,677
133.400000,132.070000,0.000000,-0.375211,2.351320,15.095,-0.308689,2.414249,15.487,-0.299516,2.427829,16.163,0.107626,1.067,1.067,0.214343,1,0,678
133.590000,132.260000,0.100000,-0.311692,2.367764,12.117,-0.246517,2.429681,12.584,-0.237531,2.443993,13.259,0.106351,1.142,1.142,0.220704,1,0,679
133.790000,132.460000,0.100000,-0.244575,2.381399,8.985,-0.179146,2.442690,9.452,-0.170318,2.457795,10.128,0.106538,1.143,1.143,0.220980,1,0,680
133.990000,132.660000,0.090000,-0.190974,2.389564,6.629,-0.109497,2.452226,6.440,-0.100786,2.468152,7.115,0.119624,0.486,0.486,0.182597,1,0,681
134.190000,132.860000,0.090000,-0.120140,2.396977,3.833,-0.038043,2.458354,3.697,-0.029409,2.475122,4.373,0.119744,0.540,0.540,0.185776,1,0,682
134.390000,133.060000,0.090000,-0.051095,2.400992,0.445,0.070779,2.534460,-1.298,0.078508,2.552505,-0.623,0.199382,-1.068,1.068,0.319870,1,0,683
134.580000,133.250000,0.080000,0.017477,2.400312,-4.444,0.137117,2.530000,-5.967,0.144894,2.548828,-5.291,0.195683,-0.847,0.847,0.301549,1,0,684
134.780000,133.450000,0.080000,0.091168,2.393238,-8.507,0.211235,2.519353,-9.832,0.219132,2.539056,-9.156,0.194004,-0.649,0.649,0.289302,1,0,685
134.980000,133.650000,0.080000,0.168207,2.380707,-11.062,0.288147,2.504066,-12.220,0.296219,2.524677,-11.544,0.192651,-0.483,0.483,0.280877,1,0,686
135.180000,133.850000,0.080000,0.245558,2.364847,-12.877,0.365298,2.485851,-13.903,0.373580,2.507372,-13.227,0.191581,-0.350,0.350,0.275429,1,0,687
135.380000,134.050000,0.080000,0.321023,2.347110,-14.806,0.439576,2.465941,-16.023,0.448087,2.488340,-15.347,0.189976,-0.541,0.541,0.279351,1,0,688
135.580000,134.250000,0.080000,0.391262,2.327749,-17.605,0.508854,2.443987,-18.828,0.517619,2.467205,-18.153,0.188186,-0.548,0.548,0.277182,1,0,689
135.770000,134.440000,0.070000,0.459749,2.305282,-20.100,0.573051,2.420443,-21.176,0.582089,2.444419,-20.500,0.185274,-0.400,0.400,0.268060,1,0,690
135.970000,134.640000,0.070000,0.525211,2.280638,-22.476,0.637641,2.393663,-23.542,0.646991,2.418402,-22.866,0.183873,-0.390,0.390,0.265829,1,0,691
136.170000,134.840000,0.070000,0.588028,2.254018,-24.833,0.699559,2.364966,-25.888,0.709243,2.390438,-25.212,0.182493,-0.379,0.379,0.263594,1,0,692
136.360000,135.030000,0.060000,0.648687,2.225344,-27.331,0.756317,2.335792,-28.274,0.766341,2.361935,-27.598,0.180276,-0.267,0.267,0.257725,1,0,693
136.560000,135.230000,0.060000,0.707709,2.194117,-30.210,0.814372,2.302463,-31.160,0.824785,2.329293,-30.484,0.178828,-0.274,0.274,0.255857,1,0,694
136.750000,135.420000,0.050000,0.766026,2.159280,-33.262,0.868788,2.267412,-34.050,0.879611,2.294886,-33.374,0.176891,-0.112,0.112,0.250663,1,0,695
136.950000,135.620000,0.050000,0.824235,2.120145,-36.076,0.856635,2.201444,-36.985,0.868236,2.228780,-36.309,0.117208,-0.233,0.233,0.168997,1,0,696
137.140000,135.810000,0.040000,0.883918,2.075797,-37.595,0.912399,2.157779,-38.451,0.924511,2.185775,-37.775,0.117231,-0.180,0.180,0.167740,1,0,697
137.340000,136.010000,0.040000,0.943253,2.029968,-37.227,0.971033,2.110876,-38.163,0.983695,2.139567,-37.487,0.116823,-0.260,0.260,0.169259,1,0,698
137.540000,136.210000,0.040000,1.004047,1.984426,-35.351,1.031362,2.064610,-36.304,1.044565,2.094016,-35.628,0.116840,-0.278,0.278,0.169845,1,0,699
137.740000,136.410000,0.040000,1.051315,1.951163,-34.064,1.094155,2.019633,-34.631,1.107884,2.049782,-33.955,0.113691,0.108,0.108,0.161510,1,0,700
137.940000,136.610000,0.040000,1.115697,1.908204,-32.698,1.158374,1.976098,-33.313,1.172611,2.007007,-32.637,0.114023,0.061,0.061,0.161483,1,0,701
138.130000,136.800000,0.030000,1.181140,1.866665,-31.505,1.220316,1.935983,-32.184,1.235023,1.967625,-31.508,0.114440,-0.003,0.003,0.161843,1,0,702
138.330000,137.000000,0.030000,1.247431,1.826489,-30.325,1.286357,1.895080,-31.012,1.301541,1.927504,-30.336,0.114595,-0.011,0.011,0.162070,1,0,703
138.520000,137.190000,0.020000,1.314757,1.787489,-29.470,1.350001,1.857159,-30.203,1.365628,1.890337,-29.527,0.114741,-0.057,0.057,0.162470,1,0,704
138.720000,137.390000,0.020000,1.383382,1.748903,-29.190,1.418219,1.817321,-29.985,1.434310,1.851305,-29.309,0.114367,-0.120,0.120,0.162621,1,0,705
138.920000,137.590000,0.020000,1.450822,1.711119,-29.133,1.539046,1.729704,-28.905,1.556162,1.765119,-28.230,0.118375,0.903,0.903,0.210569,1,0,706
139.110000,137.780000,0.010000,1.518745,1.673667,-28.022,1.604086,1.694273,-27.837,1.621616,1.730458,-27.161,0.117505,0.861,0.861,0.206003,1,0,707
139.310000,137.980000,0.010000,1.586107,1.638394,-26.299,1.671753,1.659541,-26.074,1.689687,1.696526,-25.399,0.118778,0.900,0.900,0.210779,1,0,708
139.510000,138.180000,0.010000,1.654118,1.605371,-24.460,1.740153,1.627079,-24.221,1.758466,1.664872,-23.546,0.120121,0.914,0.914,0.213503,1,0,709
139.710000,138.380000,0.010000,1.722364,1.574999,-22.583,1.808801,1.597291,-22.354,1.827460,1.635896,-21.678,0.121464,0.905,0.905,0.214183,1,0,710
139.910000,138.580000,0.010000,1.792140,1.546407,-21.452,1.878896,1.568989,-21.257,1.897884,1.608423,-20.581,0.122588,0.871,0.871,0.212658,1,0,711
140.100000,138.770000,0.100000,1.862201,1.519144,-20.387,1.945679,1.543339,-20.155,1.964965,1.583562,-19.479,0.121285,0.908,0.908,0.214302,1,0,712
140.290000,138.960000,0.100000,1.929218,1.494744,-18.559,2.011287,1.520018,-18.368,2.030843,1.561017,-17.692,0.121325,0.867,0.867,0.210866,1,0,713
140.490000,139.160000,0.100000,1.997891,1.472335,-16.426,2.080302,1.498156,-16.236,2.100111,1.539970,-15.560,0.122571,0.866,0.866,0.212245,1,0,714
140.690000,139.360000,0.090000,2.052215,1.456591,-14.851,2.151192,1.478538,-14.268,2.171228,1.521189,-13.593,0.135414,1.259,1.259,0.261440,1,0,715
140.890000,139.560000,0.090000,2.126787,1.437323,-14.077,2.226232,1.459509,-13.809,2.246487,1.503046,-13.133,0.136556,0.943,0.943,0.234721,1,0,716
141.080000,139.750000,0.080000,2.199249,1.419042,-15.195,2.294258,1.441605,-15.139,2.314719,1.485946,-14.463,0.133452,0.732,0.732,0.215258,1,0,717
141.280000,139.950000,0.080000,2.266221,1.400276,-17.917,2.360513,1.421435,-17.975,2.381207,1.466559,-17.299,0.132722,0.618,0.618,0.207074,1,0,718
141.470000,140.140000,0.070000,2.330840,1.378586,-20.811,2.421475,1.399447,-20.669,2.442424,1.445290,-19.993,0.130002,0.817,0.817,0.217160,1,0,719
141.670000,140.340000,0.070000,2.394404,1.353734,-23.196,2.484772,1.373416,-23.005,2.506024,1.420007,-22.329,0.129812,0.867,0.867,0.220757,1,0,720
141.870000,140.540000,0.070000,2.458216,1.325716,-25.205,2.548620,1.344263,-24.943,2.570212,1.391610,-24.267,0.129943,0.938,0.938,0.226624,1,0,721
142.060000,140.730000,0.060000,2.522385,1.294998,-27.059,2.609345,1.314246,-26.725,2.631286,1.362311,-26.049,0.128025,1.009,1.009,0.230562,1,0,722
142.260000,140.930000,0.060000,2.585268,1.262335,-29.358,2.686294,1.273659,-30.232,2.708708,1.322634,-29.556,0.137381,-0.198,0.198,0.196294,1,0,723
142.450000,141.120000,0.050000,2.646734,1.226788,-32.011,2.743836,1.237656,-32.727,2.766671,1.287312,-32.051,0.134343,-0.040,0.040,0.190072,1,0,724
142.650000,141.320000,0.050000,2.710005,1.186380,-34.145,2.805985,1.195256,-34.854,2.829316,1.245648,-34.178,0.133220,-0.033,0.033,0.188462,1,0,725
142.850000,141.520000,0.050000,2.774122,1.142151,-35.311,2.869088,1.149303,-36.009,2.892956,1.200442,-35.333,0.132361,-0.022,0.022,0.187212,1,0,726
143.050000,141.720000,0.050000,2.838157,1.096749,-35.175,2.932333,1.102562,-35.868,2.956747,1.154451,-35.192,0.131883,-0.017,0.017,0.186526,1,0,727
143.240000,141.910000,0.040000,2.902565,1.051490,-34.947,2.992786,1.058312,-35.645,3.017719,1.110916,-34.970,0.129583,-0.022,0.022,0.183285,1,0,728
143.440000,142.110000,0.040000,2.967671,1.006000,-35.067,3.057042,1.011412,-35.745,3.082523,1.064778,-35.070,0.129018,-0.003,0.003,0.182459,1,0,729
143.640000,142.310000,0.040000,3.032253,0.960570,-35.101,3.120864,0.964552,-35.806,3.146893,1.018673,-35.131,0.128524,-0.030,0.030,0.181810,1,0,730
143.840000,142.510000,0.040000,3.095500,0.916315,-34.326,3.183494,0.919095,-35.061,3.210055,0.973958,-34.385,0.128240,-0.059,0.059,0.181549,1,0,731
144.040000,142.710000,0.040000,3.143250,0.883859,-33.508,3.246902,0.874699,-34.074,3.273982,0.930313,-33.399,0.138740,0.109,0.109,0.196812,1,0,732
144.240000,142.910000,0.040000,3.208939,0.840616,-32.907,3.312179,0.830264,-33.566,3.339779,0.886651,-32.890,0.138702,0.016,0.016,0.196168,1,0,733
144.430000,143.100000,0.030000,3.275478,0.797576,-33.021,3.374656,0.787959,-33.734,3.402750,0.845085,-33.058,0.135850,-0.037,0.037,0.192192,1,0,734
144.630000,143.300000,0.030000,3.342065,0.754200,-33.195,3.440418,0.743099,-33.898,3.469037,0.801004,-33.222,0.135324,-0.027,0.027,0.191415,1,0,735
144.820000,143.490000,0.020000,3.408120,0.710888,-33.363,3.502310,0.700621,-34.024,3.531425,0.759258,-33.348,0.132453,0.015,0.015,0.187329,1,0,736
145.020000,143.690000,0.020000,3.472462,0.668408,-33.896,3.565609,0.656668,-34.638,3.595238,0.716055,-33.962,0.131697,-0.066,0.066,0.186483,1,0,737
145.210000,143.880000,0.010000,3.535767,0.625562,-34.709,3.624844,0.614404,-35.417,3.654967,0.674492,-34.741,0.128852,-0.032,0.032,0.182282,1,0,738
145.410000,144.080000,0.010000,3.600466,0.580636,-34.892,3.688861,0.567970,-35.593,3.719527,0.628816,-34.918,0.128440,-0.026,0.026,0.181679,1,0,739
145.610000,144.280000,0.010000,3.662840,0.537339,-33.824,3.750591,0.523859,-34.467,3.781773,0.585437,-33.792,0.128290,0.032,0.032,0.181486,1,0,740
145.810000,144.480000,0.010000,3.720109,0.499595,-30.928,3.807406,0.486254,-31.531,3.839027,0.548504,-30.855,0.128583,0.073,0.073,0.182135,1,0,741
146.000000,144.670000,0.000000,3.770676,0.469958,-26.199,3.855480,0.458807,-27.023,3.887422,0.521625,-26.348,0.127667,-0.149,0.149,0.181779,1,0,742
146.200000,144.870000,0.100000,3.816116,0.448175,-20.361,3.901429,0.437997,-21.203,3.933613,0.501359,-20.528,0.128973,-0.167,0.167,0.183922,1,0,743
146.390000,145.060000,0.100000,3.856572,0.433321,-14.750,3.941282,0.424505,-15.734,3.973622,0.488338,-15.058,0.129335,-0.308,0.308,0.188022,1,0,744
146.590000,145.260000,0.090000,3.887522,0.424865,-10.659,3.981386,0.415009,-10.463,4.013835,0.479315,-9.788,0.137550,0.871,0.871,0.230281,1,0,745
146.780000,145.450000,0.080000,3.926483,0.417506,-5.588,4.018988,0.409569,-5.645,4.051499,0.474320,-4.969,0.137320,0.619,0.619,0.213027,1,0,746
146.970000,145.640000,0.070000,3.968581,0.413498,-0.287,4.059524,0.407261,-0.556,4.092060,0.472489,0.119,0.136847,0.406,0.406,0.201867,1,0,747
147.170000,145.840000,0.070000,4.010716,0.413362,5.280,4.101576,0.408767,5.051,4.134091,0.474491,5.727,0.137689,0.447,0.447,0.204736,1,0,748
147.370000,146.040000,0.070000,4.054748,0.417697,11.138,4.146080,0.414907,10.954,4.178520,0.481155,11.630,0.139091,0.492,0.492,0.208637,1,0,749
147.570000,146.240000,0.070000,4.100064,0.427014,17.411,4.191626,0.426263,17.239,4.223928,0.493048,17.914,0.140366,0.503,0.503,0.210878,1,0,750
147.770000,146.440000,0.070000,4.147913,0.442591,23.912,4.238917,0.443758,23.790,4.271010,0.511100,24.465,0.140876,0.553,0.553,0.214045,1,0,751
147.970000,146.640000,0.070000,4.196883,0.465285,30.419,4.287772,0.468539,30.248,4.319569,0.536455,30.924,0.141834,0.505,0.505,0.212904,1,0,752
148.170000,146.840000,0.070000,4.245774,0.495246,36.927,4.336234,0.500509,36.668,4.367651,0.568994,37.344,0.142453,0.417,0.417,0.209907,1,0,753
148.360000,147.030000,0.060000,4.295588,0.534296,42.658,4.309724,0.604858,42.751,4.339912,0.673023,43.427,0.145636,0.769,0.769,0.232884,1,0,754
148.560000,147.230000,0.060000,4.347112,0.583695,46.894,4.360693,0.655527,46.874,4.390280,0.724290,47.550,0.147073,0.656,0.656,0.227730,1,0,755
148.760000,147.430000,0.060000,4.395188,0.636298,49.278,4.408359,0.708461,49.161,4.437319,0.777782,49.836,0.147624,0.558,0.558,0.223191,1,0,756
148.960000,147.630000,0.060000,4.439894,0.688788,49.875,4.453285,0.760904,49.661,4.481623,0.830751,50.336,0.147970,0.461,0.461,0.219183,1,0,757
149.160000,147.830000,0.060000,4.484739,0.741786,48.608,4.499108,0.813546,48.285,4.526822,0.883930,48.960,0.148242,0.352,0.352,0.215484,1,0,758
149.360000,148.030000,0.060000,4.534298,0.796821,45.812,4.550116,0.867697,45.482,4.577187,0.938679,46.158,0.148200,0.346,0.346,0.215228,1,0,759
149.550000,148.220000,0.050000,4.588809,0.851678,43.576,4.602972,0.919027,43.378,4.629435,0.990628,44.054,0.144768,0.478,0.478,0.215583,1,0,760
149.750000,148.420000,0.050000,4.646070,0.905484,42.496,4.660939,0.972261,42.303,4.686770,1.044542,42.978,0.144892,0.482,0.482,0.215950,1,0,761
149.950000,148.620000,0.050000,4.701528,0.956216,42.662,4.716794,1.022759,42.471,4.742025,1.095695,43.146,0.145240,0.485,0.485,0.216530,1,0,762
150.140000,148.810000,0.040000,4.742348,0.993909,43.237,4.768604,1.070460,43.273,4.793269,1.144003,43.949,0.158496,0.712,0.712,0.245704,1,0,763
150.340000,149.010000,0.040000,4.795566,1.044398,44.602,4.821565,1.121187,44.726,4.845629,1.195352,45.401,0.159039,0.799,0.799,0.251703,1,0,764
150.540000,149.210000,0.040000,4.846439,1.095254,46.670,4.871570,1.172300,47.021,4.895027,1.247050,47.696,0.159383,1.027,1.027,0.268109,1,0,765
150.730000,149.400000,0.030000,4.893579,1.146231,49.551,4.915444,1.221392,49.836,4.938319,1.296656,50.511,0.156938,0.961,0.961,0.260233,1,0,766
150.930000,149.600000,0.030000,4.935310,1.196175,53.482,4.955133,1.177450,52.844,4.978525,1.253186,53.520,0.071539,0.038,0.038,0.101317,1,0,767
151.130000,149.800000,0.030000,4.971802,1.247150,59.152,4.990979,1.229656,58.550,5.013752,1.305811,59.226,0.072117,0.073,0.073,0.102513,1,0,768
151.330000,150.000000,0.030000,5.005268,1.305697,64.164,5.024194,1.289295,63.396,5.046262,1.365837,64.071,0.072783,-0.093,0.093,0.103761,1,0,769
151.520000,150.190000,0.020000,5.035358,1.370440,67.921,5.053075,1.351218,66.850,5.074411,1.428097,67.525,0.069638,-0.396,0.396,0.113304,1,0,770
151.720000,150.390000,0.020000,5.062680,1.440119,70.324,5.081461,1.421028,69.094,5.101971,1.498237,69.770,0.070153,-0.554,0.554,0.126381,1,0,771
151.920000,150.590000,0.020000,5.088461,1.513575,71.289,5.108986,1.494303,69.938,5.128630,1.571832,70.614,0.070763,-0.675,0.675,0.138296,1,0,772
152.120000,150.790000,0.020000,5.113464,1.588054,72.080,5.135684,1.568233,70.813,5.154454,1.646071,71.489,0.071036,-0.591,0.591,0.130646,1,0,773
152.310000,150.980000,0.010000,5.136496,1.660831,73.943,5.158689,1.636962,72.654,5.176648,1.715066,73.330,0.067481,-0.613,0.613,0.128900,1,0,774
152.510000,151.180000,0.010000,5.156535,1.733017,76.174,5.179848,1.708963,74.887,5.196956,1.787311,75.563,0.067688,-0.611,0.611,0.128950,1,0,775
152.700000,151.370000,0.100000,5.173775,1.805768,78.100,5.197458,1.777904,76.713,5.213752,1.856455,77.388,0.064555,-0.712,0.712,0.135930,1,0,776
152.890000,151.560000,0.100000,5.188686,1.878875,79.204,5.213597,1.848936,77.804,5.229052,1.927673,78.480,0.063330,-0.724,0.724,0.136060,1,0,777
153.090000,151.760000,0.100000,5.202928,1.953626,78.572,5.230099,1.923434,77.216,5.244675,2.002360,77.892,0.064170,-0.680,0.680,0.132211,1,0,778
153.290000,151.960000,0.090000,5.213909,2.007498,76.819,5.247112,1.991822,74.840,5.260880,2.070945,75.516,0.078942,-1.303,1.303,0.215467,1,0,779
153.480000,152.150000,0.080000,5.230074,2.073058,73.292,5.265983,2.053219,71.435,5.279026,2.132559,72.111,0.077050,-1.181,1.181,0.199446,1,0,780
153.680000,152.350000,0.080000,5.249705,2.135740,69.666,5.288990,2.114410,67.816,5.301309,2.194017,68.492,0.077842,-1.174,1.174,0.199263,1,0,781
153.880000,152.550000,0.080000,5.271285,2.192443,65.369,5.245132,2.154164,64.320,5.256986,2.233251,64.995,0.043241,-0.374,0.374,0.080837,1,0,782
154.070000,152.740000,0.070000,5.295663,2.243729,59.676,5.271082,2.201660,58.848,5.282374,2.281051,59.524,0.039617,-0.153,0.153,0.060046,1,0,783
154.270000,152.940000,0.070000,5.325605,2.293113,54.028,5.303713,2.249579,53.224,5.314438,2.329350,53.900,0.037919,-0.128,0.128,0.056596,1,0,784
154.470000,153.140000,0.070000,5.360600,2.339795,48.405,5.341196,2.294474,47.602,5.351388,2.374685,48.277,0.036085,-0.127,0.127,0.054121,1,0,785
154.660000,153.330000,0.060000,5.399749,2.382580,42.671,5.380431,2.333189,42.152,5.390165,2.413860,42.828,0.032716,0.157,0.157,0.051338,1,0,786
154.860000,153.530000,0.060000,5.442969,2.421177,36.923,5.425577,2.369720,36.414,5.434877,2.450921,37.090,0.030825,0.167,0.167,0.049563,1,0,787
155.060000,153.730000,0.060000,5.490274,2.455568,31.354,5.474584,2.401929,30.859,5.483500,2.483705,31.535,0.028941,0.181,0.181,0.048292,1,0,788
155.250000,153.920000,0.050000,5.541525,2.485705,26.028,5.524567,2.428514,25.803,5.533166,2.510878,26.478,0.026525,0.451,0.451,0.073955,1,0,789
155.440000,154.110000,0.040000,5.596388,2.511450,20.985,5.577591,2.451103,20.981,5.585920,2.534090,21.657,0.024943,0.672,0.672,0.101311,1,0,790
155.640000,154.310000,0.040000,5.639906,2.527921,17.445,5.636889,2.470738,16.310,5.644983,2.554423,16.985,0.026984,-0.459,0.459,0.075326,1,0,791
155.840000,154.510000,0.040000,5.702165,2.546501,13.444,5.753541,2.498131,12.312,5.761303,2.583190,12.988,0.069595,-0.456,0.456,0.117652,1,0,792
156.040000,154.710000,0.040000,5.766400,2.560876,9.341,5.819105,2.509631,8.273,5.826727,2.595462,8.949,0.069539,-0.392,0.392,0.112876,1,0,793
156.230000,154.900000,0.030000,5.834352,2.571110,5.612,5.884465,2.516771,4.776,5.891998,2.603372,5.451,0.066060,-0.160,0.160,0.096132,1,0,794
156.430000,155.100000,0.030000,5.905550,2.577146,2.454,5.956414,2.520416,1.694,5.963900,2.607866,2.370,0.065942,-0.084,0.084,0.094007,1,0,795
156.620000,155.290000,0.020000,5.979313,2.579438,-0.169,6.026977,2.520591,-0.705,6.034455,2.608872,-0.030,0.062506,0.139,0.139,0.090557,1,0,796
156.820000,155.490000,0.020000,6.056044,2.578584,-1.848,6.104061,2.518104,-2.327,6.111564,2.607295,-1.651,0.062504,0.196,0.196,0.092653,1,0,797
157.010000,155.680000,0.010000,6.134338,2.575586,-3.030,6.178657,2.513933,-3.401,6.186203,2.604004,-2.725,0.059140,0.305,0.305,0.094105,1,0,798
157.140000,155.810000,0.040000,6.193756,2.572338,-3.423,6.230247,2.510438,-3.755,6.237831,2.601117,-3.079,0.052638,0.344,0.344,0.088899,1,0,799
157.340000,156.010000,0.040000,6.272068,2.567586,-3.457,6.308703,2.504835,-3.803,6.316347,2.596440,-3.128,0.052850,0.330,0.330,0.088108,1,0,800
157.540000,156.210000,0.040000,6.330302,2.564086,-3.244,6.386421,2.499482,-3.487,6.394123,2.592004,-2.811,0.069660,0.433,0.433,0.116009,1,0,801
157.740000,156.410000,0.040000,6.407638,2.559852,-2.717,6.463855,2.494769,-2.924,6.471608,2.588204,-2.248,0.069971,0.469,0.469,0.119157,1,0,802
157.930000,156.600000,0.030000,6.484942,2.556386,-2.048,6.537417,2.491087,-2.266,6.545207,2.585390,-1.591,0.066881,0.457,0.457,0.114582,1,0,803
158.130000,156.800000,0.030000,6.562447,2.553848,-1.344,6.615122,2.488139,-1.559,6.622942,2.583358,-0.884,0.067309,0.460,0.460,0.115323,1,0,804
158.330000,157.000000,0.030000,6.640313,2.552243,-0.666,6.693188,2.486114,-0.882,6.701026,2.582254,-0.206,0.067726,0.460,0.460,0.115763,1,0,805
158.520000,157.190000,0.020000,6.718598,2.551538,-0.097,6.767765,2.484984,-0.338,6.775612,2.582003,0.337,0.064643,0.435,0.435,0.110161,1,0,806
158.720000,157.390000,0.020000,6.797417,2.551560,0.317,6.846781,2.484443,0.088,6.854628,2.582394,0.764,0.064992,0.447,0.447,0.111537,1,0,807
158.920000,157.590000,0.020000,6.876520,2.552124,0.673,6.926081,2.484437,0.455,6.933923,2.583323,1.131,0.065334,0.457,0.457,0.112794,1,0,808
159.120000,157.790000,0.020000,6.956038,2.553157,0.919,7.005795,2.484837,0.683,7.013627,2.584663,1.359,0.065644,0.440,0.440,0.111731,1,0,809
159.320000,157.990000,0.020000,7.035773,2.554491,1.060,7.085700,2.485476,0.812,7.093519,2.586245,1.488,0.065900,0.428,0.428,0.111145,1,0,810
159.520000,158.190000,0.020000,7.115327,2.555990,1.112,7.165400,2.486231,0.852,7.173205,2.587939,1.527,0.066110,0.415,0.415,0.110422,1,0,811
159.720000,158.390000,0.020000,7.194732,2.557529,1.090,7.244965,2.486983,0.819,7.252755,2.589630,1.495,0.066311,0.405,0.405,0.109888,1,0,812
159.910000,158.580000,0.010000,7.274075,2.559022,1.033,7.320498,2.487635,0.760,7.328275,2.591172,1.436,0.063018,0.402,0.402,0.105732,1,0,813
160.110000,158.780000,0.010000,7.353400,2.560425,0.950,7.399990,2.488215,0.669,7.407755,2.592690,1.345,0.063210,0.395,0.395,0.105423,1,0,814
160.310000,158.980000,0.010000,7.432745,2.561709,0.859,7.479503,2.488666,0.573,7.487257,2.594078,1.248,0.063398,0.389,0.389,0.105215,1,0,815
160.510000,159.180000,0.010000,7.510212,2.562864,0.363,7.535318,2.526473,-0.171,7.542622,2.632541,0.505,0.076846,0.142,0.142,0.110508,1,0,816
160.700000,159.370000,0.100000,7.585424,2.562772,-1.623,7.606898,2.524588,-2.079,7.614220,2.631499,-1.404,0.074516,0.219,0.219,0.109830,1,0,817
160.900000,159.570000,0.000000,7.663141,2.560013,-3.045,7.684710,2.520139,-3.517,7.692079,2.627969,-2.841,0.073860,0.204,0.204,0.108349,1,0,818
161.100000,159.770000,0.100000,7.742223,2.555444,-3.858,7.763853,2.514075,-4.322,7.771287,2.622838,-3.646,0.073395,0.212,0.212,0.108021,1,0,819
161.300000,159.970000,0.000000,7.820334,2.550091,-3.930,7.842021,2.507508,-4.387,7.849528,2.617193,-3.711,0.073177,0.219,0.219,0.108019,1,0,820
161.490000,160.160000,0.100000,7.896041,2.544941,-3.693,7.915861,2.501446,-4.152,7.923434,2.612003,-3.476,0.072441,0.217,0.217,0.106941,1,0,821
161.690000,160.360000,0.100000,7.972848,2.539830,-4.094,7.992808,2.495037,-4.521,8.000451,2.606501,-3.845,0.072159,0.248,0.248,0.107930,1,0,822
161.890000,160.560000,0.100000,8.040269,2.534862,-4.825,8.060418,2.488789,-5.221,8.068130,2.601051,-4.546,0.071813,0.279,0.279,0.108959,1,0,823
162.090000,160.760000,0.090000,8.085540,2.531045,-6.082,8.117963,2.482324,-6.889,8.125747,2.595265,-6.213,0.075768,-0.131,0.131,0.108746,1,0,824
162.290000,160.960000,0.090000,8.135122,2.525626,-8.012,8.165383,2.475426,-8.806,8.173245,2.588927,-8.130,0.073894,-0.118,0.118,0.105830,1,0,825
162.490000,161.160000,0.090000,8.174628,2.520094,-9.874,8.202720,2.468741,-10.638,8.210658,2.582682,-9.962,0.072218,-0.088,0.088,0.102889,1,0,826
162.690000,161.360000,0.090000,8.206115,2.514740,-11.601,8.233320,2.462269,-12.322,8.241333,2.576571,-11.646,0.071158,-0.045,0.045,0.100837,1,0,827
162.880000,161.550000,0.080000,8.235637,2.508801,-13.103,8.261128,2.455598,-13.701,8.269217,2.570229,-13.025,0.070008,0.078,0.078,0.099614,1,0,828
163.080000,161.750000,0.080000,8.264099,2.502295,-14.415,8.289302,2.448143,-14.979,8.297477,2.563107,-14.303,0.069370,0.112,0.112,0.099375,1,0,829
163.280000,161.950000,0.080000,8.291069,2.495477,-15.505,8.315907,2.440524,-16.044,8.324170,2.555802,-15.369,0.068809,0.136,0.136,0.099190,1,0,830
163.480000,162.150000,0.080000,8.308495,2.491056,-16.402,8.328517,2.436717,-16.776,8.336825,2.552144,-16.100,0.067337,0.302,0.302,0.104380,1,0,831
163.680000,162.350000,0.080000,8.308478,2.491061,-16.402,8.328564,2.436703,-16.772,8.336871,2.552130,-16.096,0.067347,0.306,0.306,0.104616,1,0,832
163.880000,162.550000,0.080000,8.308466,2.491064,-16.402,8.328615,2.436687,-16.769,8.336923,2.552115,-16.093,0.067357,0.309,0.309,0.104810,1,0,833
164.070000,162.740000,0.070000,8.308457,2.491066,-16.402,8.328665,2.436671,-16.765,8.336973,2.552100,-16.089,0.067367,0.313,0.313,0.105027,1,0,834
164.270000,162.940000,0.070000,8.308448,2.491068,-16.402,8.328719,2.436654,-16.762,8.337027,2.552084,-16.086,0.067377,0.316,0.316,0.105235,1,0,835
164.470000,163.140000,0.070000,8.308439,2.491070,-16.402,8.328774,2.436638,-16.758,8.337082,2.552067,-16.083,0.067388,0.319,0.319,0.105422,1,0,836
171.430000,170.100000,0.030000,8.358429,2.475331,-25.848,8.453202,2.292432,-29.169,8.463202,2.409339,-28.493,0.123823,-2.645,2.645,0.413028,1,1,871
171.630000,170.300000,0.030000,8.366610,2.472657,-29.836,8.410476,2.350383,-32.399,8.419795,2.466782,-31.724,0.053509,-1.887,1.887,0.277443,1,1,872
171.820000,170.490000,0.020000,8.367750,2.473609,-33.814,8.410471,2.350386,-36.188,8.419791,2.466785,-35.513,0.052487,-1.699,1.699,0.251438,1,1,873
172.010000,170.680000,0.010000,8.368482,2.474788,-37.787,8.410465,2.350391,-39.977,8.419784,2.466791,-39.302,0.051922,-1.515,1.515,0.226464,1,1,874
172.210000,170.880000,0.010000,8.369295,2.475912,-41.759,8.410458,2.350397,-43.965,8.419778,2.466796,-43.289,0.051299,-1.530,1.530,0.228168,1,1,875
172.410000,171.080000,0.010000,8.370186,2.476977,-45.732,8.410453,2.350403,-47.954,8.419773,2.466802,-47.278,0.050620,-1.546,1.546,0.230091,1,1,876
172.610000,171.280000,0.010000,8.371149,2.477977,-49.704,8.410448,2.350408,-51.941,8.419768,2.466807,-51.265,0.049885,-1.562,1.562,0.231833,1,1,877
172.810000,171.480000,0.010000,8.372180,2.478908,-53.676,8.410444,2.350414,-55.929,8.419764,2.466813,-55.253,0.049097,-1.577,1.577,0.233616,1,1,878
173.010000,171.680000,0.010000,8.373272,2.479766,-57.648,8.410440,2.350420,-59.916,8.419760,2.466819,-59.240,0.048257,-1.592,1.592,0.235294,1,1,879
173.210000,171.880000,0.010000,8.374422,2.480546,-61.620,8.410437,2.350426,-63.904,8.419757,2.466825,-63.228,0.047366,-1.609,1.609,0.237155,1,1,880
173.410000,172.080000,0.010000,8.375622,2.481245,-65.592,8.410435,2.350432,-67.893,8.419754,2.466831,-67.217,0.046426,-1.626,1.626,0.239094,1,1,881
173.600000,172.270000,0.100000,8.376868,2.481861,-69.563,8.410433,2.350438,-71.682,8.419752,2.466836,-71.006,0.045440,-1.443,1.443,0.213911,1,1,882
173.800000,172.470000,0.000000,8.378153,2.482390,-73.535,8.410431,2.350444,-75.670,8.419750,2.466842,-74.995,0.044408,-1.459,1.459,0.215725,1,1,883
174.000000,172.670000,0.000000,8.379471,2.482830,-77.507,8.410430,2.350450,-79.658,8.419749,2.466848,-78.982,0.043332,-1.475,1.475,0.217362,1,1,884
174.190000,172.860000,0.100000,8.380783,2.483171,-81.381,8.410429,2.350455,-83.447,8.419748,2.466854,-82.771,0.042243,-1.390,1.390,0.205485,1,1,885
174.390000,173.060000,0.090000,8.381840,2.483381,-84.460,8.410429,2.350461,-87.435,8.419747,2.466859,-86.759,0.041351,-2.300,2.300,0.330427,1,1,886
174.590000,173.260000,0.090000,8.383218,2.483561,-88.434,8.410429,2.350463,-91.426,8.419747,2.466861,-90.751,0.040165,-2.316,2.316,0.332459,1,1,887
174.790000,173.460000,0.090000,8.384607,2.483633,-92.411,8.410428,2.350458,-95.415,8.419747,2.466856,-94.740,0.038940,-2.329,2.329,0.333904,1,1,888
174.990000,173.660000,0.090000,8.385947,2.482767,-96.537,8.410110,2.348498,-99.747,8.419452,2.464893,-99.072,0.037974,-2.535,2.535,0.362473,1,1,889
175.190000,173.860000,0.090000,8.386219,2.473457,-101.897,8.407458,2.337334,-105.188,8.416932,2.453698,-104.513,0.036519,-2.615,2.615,0.373434,1,1,890
175.390000,174.060000,0.090000,8.382963,2.454501,-106.722,8.400732,2.316926,-109.811,8.410447,2.433213,-109.136,0.034764,-2.414,2.414,0.344931,1,1,891
175.590000,174.260000,0.090000,8.374823,2.426453,-110.819,8.388726,2.287814,-113.959,8.398785,2.403961,-113.284,0.032864,-2.464,2.464,0.351612,1,1,892
175.780000,174.450000,0.080000,8.360760,2.389860,-114.998,8.371217,2.252681,-117.750,8.381692,2.368624,-117.074,0.029818,-2.076,2.076,0.296612,1,1,893
175.980000,174.650000,0.080000,8.339612,2.345422,-119.218,8.345373,2.208705,-122.061,8.356368,2.324346,-121.385,0.026925,-2.167,2.167,0.308775,1,1,894
176.180000,174.850000,0.080000,8.312685,2.298236,-123.375,8.314892,2.164448,-126.303,8.326411,2.279733,-125.628,0.023039,-2.253,2.253,0.320214,1,1,895
176.380000,175.050000,0.080000,8.287139,2.259882,-127.527,8.286937,2.129671,-130.324,8.298868,2.244629,-129.649,0.019242,-2.122,2.122,0.301258,1,1,896
176.580000,175.250000,0.080000,8.265248,2.231180,-130.546,8.263687,2.103999,-133.293,8.275922,2.218685,-132.618,0.016434,-2.072,2.072,0.293951,1,1,897
176.780000,175.450000,0.080000,8.248614,2.211029,-133.720,8.246210,2.086622,-136.522,8.258652,2.201102,-135.846,0.014118,-2.126,2.126,0.301375,1,1,898
176.980000,175.650000,0.080000,8.237148,2.198031,-137.094,8.233702,2.075585,-139.896,8.246274,2.189919,-139.221,0.012210,-2.127,2.127,0.301299,1,1,899
177.170000,175.840000,0.070000,8.226028,2.186700,-140.531,8.221775,2.066252,-143.170,8.234458,2.180446,-142.494,0.010497,-1.964,1.964,0.278118,1,1,900
177.370000,176.040000,0.070000,8.213676,2.175567,-144.171,8.207655,2.056544,-146.855,8.220454,2.170573,-146.179,0.008420,-2.008,2.008,0.284162,1,1,901
177.570000,176.240000,0.070000,8.198369,2.163603,-148.258,8.190951,2.046648,-150.938,8.203867,2.160480,-150.263,0.006323,-2.005,2.005,0.283680,1,1,902
177.770000,176.440000,0.070000,8.181987,2.152577,-152.461,8.172665,2.037570,-155.225,8.185690,2.151187,-154.549,0.003955,-2.088,2.088,0.295409,1,1,903
177.970000,176.640000,0.070000,8.159634,2.140175,-157.703,8.148585,2.028040,-160.518,8.161724,2.141373,-159.843,0.002409,-2.139,2.139,0.302545,1,1,904
178.160000,176.830000,0.060000,8.134951,2.129346,-163.286,8.123578,2.020759,-165.868,8.136805,2.133798,-165.192,0.004822,-1.906,1.906,0.269599,1,1,905
178.360000,177.030000,0.060000,8.103560,2.119508,-169.687,8.188915,1.911699,-173.107,8.203423,2.025516,-172.432,0.137139,-2.744,2.744,0.433861,1,1,906
178.560000,177.230000,0.060000,8.066160,2.112627,-176.530,8.150524,1.909808,-179.959,8.165057,2.023173,-179.284,0.133352,-2.754,2.754,0.432751,1,1,907
178.760000,177.430000,0.060000,8.026752,2.110206,176.627,8.111073,1.912540,173.186,8.125576,2.025440,173.862,0.130199,-2.766,2.766,0.432287,1,1,908
178.960000,177.630000,0.060000,7.983703,2.113022,169.789,8.068187,1.920805,166.336,8.082597,2.033198,167.012,0.127090,-2.777,2.777,0.431849,1,1,909
179.150000,177.820000,0.050000,7.938621,2.121503,162.946,8.026554,1.933934,159.826,8.040811,2.045835,160.502,0.127156,-2.445,2.445,0.389699,1,1,910
179.350000,178.020000,0.050000,7.891279,2.136739,156.072,7.981075,1.954453,152.958,7.995093,2.065817,153.633,0.125727,-2.439,2.439,0.388072,1,1,911
179.550000,178.220000,0.050000,7.842117,2.159552,149.191,7.934558,1.982536,146.085,7.948249,2.093349,146.760,0.125088,-2.431,2.431,0.386619,1,1,912
179.750000,178.420000,0.050000,7.790293,2.192061,142.437,7.886207,2.020311,139.339,7.899455,2.130551,140.015,0.125299,-2.422,2.422,0.385646,1,1,913
179.950000,178.620000,0.050000,7.735206,2.236543,137.270,7.835119,2.069709,134.179,7.847789,2.179343,134.855,0.126280,-2.415,2.415,0.385460,1,1,914
180.140000,178.810000,0.040000,7.682095,2.287150,133.961,7.788349,2.121796,130.996,7.800408,2.230875,131.672,0.131014,-2.290,2.290,0.373053,1,1,915
180.340000,179.010000,0.040000,7.637859,2.333701,132.435,7.693776,2.138357,130.594,7.705646,2.246320,131.269,0.110591,-1.166,1.166,0.227231,1,1,916
180.540000,179.210000,0.040000,7.596826,2.378744,132.737,7.561580,2.277817,132.264,7.571814,2.384211,132.939,0.025602,0.202,0.202,0.046118,1,1,917
180.740000,179.410000,0.040000,7.568766,2.409193,134.174,7.524842,2.317778,134.379,7.534608,2.423737,135.055,0.037125,0.880,0.880,0.135117,1,1,918
180.940000,179.610000,0.040000,7.536481,2.442368,137.736,7.492410,2.349509,138.327,7.501804,2.455083,139.003,0.036934,1.267,1.267,0.186575,1,1,919
181.140000,179.810000,0.040000,7.503197,2.472458,143.142,7.457783,2.378039,144.114,7.466843,2.483202,144.790,0.037909,1.648,1.648,0.239094,1,1,920
181.330000,180.000000,0.030000,7.466304,2.499650,149.971,7.420694,2.402205,150.646,7.429471,2.506929,151.321,0.037546,1.351,1.351,0.198281,1,1,921
181.530000,180.200000,0.030000,7.423194,2.523862,156.807,7.375764,2.424499,157.483,7.384282,2.528692,158.159,0.039211,1.351,1.351,0.199008,1,1,922
181.730000,180.400000,0.030000,7.373615,2.544158,163.575,7.324590,2.442705,164.246,7.332897,2.546294,164.921,0.040774,1.346,1.346,0.198896,1,1,923
181.930000,180.600000,0.030000,7.317990,2.559383,170.208,7.267594,2.455738,170.831,7.275751,2.558653,171.507,0.042246,1.298,1.298,0.193083,1,1,924
182.120000,180.790000,0.020000,7.256853,2.568598,176.443,7.208617,2.462605,176.682,7.216697,2.564824,177.357,0.040333,0.915,0.915,0.141353,1,1,925
182.320000,180.990000,0.020000,7.190363,2.571290,-178.082,7.141444,2.463769,-177.936,7.149515,2.565196,-177.260,0.041301,0.822,0.822,0.130085,1,1,926
182.510000,181.180000,0.010000,7.118362,2.567604,-173.917,7.072520,2.459524,-174.073,7.080646,2.560139,-173.397,0.038447,0.519,0.519,0.091362,1,1,927
182.710000,181.380000,0.010000,7.042365,2.558357,-171.066,7.028448,2.470650,-171.185,7.036446,2.570745,-170.510,0.013729,0.556,0.556,0.081058,1,1,928
182.910000,181.580000,0.010000,6.963970,2.545358,-169.223,6.949806,2.457884,-169.351,6.957960,2.557052,-168.675,0.013148,0.548,0.548,0.079683,1,1,929
183.110000,181.780000,0.010000,6.890192,2.530954,-168.684,6.876119,2.444279,-168.890,6.884438,2.542579,-168.214,0.012971,0.469,0.469,0.068862,1,1,930
183.300000,181.970000,0.000000,6.820511,2.517189,-169.969,6.809662,2.432543,-170.139,6.818125,2.530060,-169.463,0.013090,0.506,0.506,0.073963,1,1,931
183.500000,182.170000,0.000000,6.752747,2.505738,-172.235,6.741492,2.422773,-172.409,6.750074,2.519487,-171.734,0.014006,0.501,0.501,0.073573,1,1,932
183.690000,182.360000,0.100000,6.685352,2.497126,-174.415,6.675508,2.415962,-174.538,6.684175,2.511898,-173.863,0.014819,0.552,0.552,0.080866,1,1,933
183.890000,182.560000,0.090000,6.631010,2.492036,-176.100,6.604897,2.411327,-176.687,6.613624,2.506431,-176.012,0.022572,0.089,0.089,0.034294,1,1,934
184.090000,182.760000,0.090000,6.558848,2.487682,-177.880,6.532031,2.409001,-178.388,6.540790,2.503246,-177.713,0.023839,0.167,0.167,0.041179,1,1,935
184.290000,182.960000,0.090000,6.484973,2.485425,-179.336,6.515790,2.426721,179.155,6.524342,2.520773,179.830,0.052909,-0.833,0.833,0.139600,1,1,936
184.490000,183.160000,0.090000,6.406205,2.484678,-179.423,6.436703,2.428645,179.221,6.445237,2.521765,179.897,0.053842,-0.680,0.680,0.122671,1,1,937
184.690000,183.360000,0.090000,6.327183,2.483835,-179.483,6.357532,2.430511,179.055,6.366050,2.522696,179.731,0.054963,-0.786,0.786,0.135662,1,1,938
184.880000,183.550000,0.080000,6.247778,2.483231,-179.772,6.281871,2.432643,178.793,6.290369,2.523936,179.468,0.058915,-0.760,0.760,0.135955,1,1,939
185.080000,183.750000,0.080000,6.168254,2.482970,-179.853,6.202297,2.435112,178.736,6.210771,2.525467,179.412,0.060114,-0.735,0.735,0.134303,1,1,940
185.280000,183.950000,0.080000,6.089104,2.482755,-179.760,6.123073,2.437523,178.856,6.131524,2.526943,179.532,0.061254,-0.708,0.708,0.132412,1,1,941
185.480000,184.150000,0.080000,6.010266,2.482371,-179.524,6.044215,2.439664,179.142,6.052646,2.528155,179.818,0.062388,-0.658,0.658,0.128237,1,1,942
185.680000,184.350000,0.080000,5.932365,2.481601,-178.943,5.966481,2.441170,179.844,5.974900,2.528744,-179.480,0.063495,-0.538,0.538,0.117673,1,1,943
185.880000,184.550000,0.080000,5.858900,2.479924,-177.036,5.893993,2.440880,-177.970,5.902421,2.527599,-177.294,0.064552,-0.258,0.258,0.098304,1,1,944
186.070000,184.740000,0.070000,5.792935,2.475883,-173.420,5.831880,2.437424,-174.366,5.840353,2.523411,-173.690,0.067136,-0.270,0.270,0.102341,1,1,945
186.270000,184.940000,0.070000,5.730097,2.467801,-169.059,5.769423,2.429456,-169.928,5.777994,2.514707,-169.252,0.067039,-0.193,0.193,0.098666,1,1,946
186.460000,185.130000,0.060000,5.672993,2.455979,-163.986,5.715355,2.418013,-165.102,5.724065,2.502627,-164.426,0.069170,-0.440,0.440,0.115937,1,1,947
186.660000,185.330000,0.060000,5.620265,2.440131,-158.801,5.662708,2.401912,-159.930,5.671611,2.485906,-159.254,0.068788,-0.453,0.453,0.116460,1,1,948
186.860000,185.530000,0.060000,5.571169,2.420474,-153.784,5.613688,2.382002,-154.927,5.622829,2.465420,-154.251,0.068475,-0.468,0.468,0.117275,1,1,949
187.050000,185.720000,0.050000,5.525519,2.397479,-148.808,5.570357,2.359977,-150.202,5.579761,2.442885,-149.526,0.070738,-0.718,0.718,0.142561,1,1,950
187.240000,185.910000,0.040000,5.483395,2.371511,-143.656,5.530314,2.335205,-145.315,5.540013,2.417643,-144.639,0.073033,-0.984,0.984,0.173261,1,1,951
187.440000,186.110000,0.040000,5.453368,2.349567,-139.581,5.490155,2.305012,-139.853,5.500213,2.386978,-139.177,0.059950,0.405,0.405,0.102280,1,1,952
187.640000,186.310000,0.040000,5.414437,2.315675,-133.895,5.474890,2.204399,-134.050,5.486136,2.286192,-133.375,0.077524,0.520,0.520,0.132047,1,1,953
187.830000,186.500000,0.030000,5.375854,2.274356,-129.244,5.438144,2.164119,-129.850,5.449867,2.245482,-129.175,0.079446,0.069,0.069,0.112781,1,1,954
188.030000,186.700000,0.030000,5.340456,2.230079,-124.731,5.403049,2.119369,-125.312,5.415302,2.200321,-124.636,0.080545,0.095,0.095,0.114694,1,1,955
188.220000,186.890000,0.020000,5.307771,2.181687,-120.053,5.372206,2.072963,-120.862,5.385008,2.153555,-120.186,0.082201,-0.133,0.133,0.117761,1,1,956
188.420000,187.090000,0.020000,5.277995,2.128572,-115.385,5.342443,2.019360,-116.181,5.355879,2.099604,-115.505,0.083097,-0.120,0.120,0.118733,1,1,957
188.620000,187.290000,0.020000,5.252685,2.073091,-110.182,5.317547,1.963564,-110.938,5.331643,2.043518,-110.263,0.084314,-0.081,0.081,0.119784,1,1,958
188.810000,187.480000,0.010000,5.230895,2.010402,-105.832,5.296364,1.903080,-106.974,5.311175,1.982789,-106.298,0.084896,-0.466,0.466,0.136979,1,1,959
189.010000,187.680000,0.010000,5.212466,1.942111,-102.530,5.277058,1.834820,-103.691,5.292675,1.914306,-103.015,0.084892,-0.485,0.485,0.138271,1,1,960
189.200000,187.870000,0.100000,5.196771,1.867357,-100.404,5.260591,1.763631,-101.674,5.277048,1.842928,-100.999,0.083912,-0.595,0.595,0.145435,1,1,961
189.390000,188.060000,0.100000,5.184317,1.797913,-100.070,5.246426,1.696247,-101.304,5.263679,1.775382,-100.628,0.082499,-0.557,0.557,0.140806,1,1,962
189.590000,188.260000,0.090000,5.175363,1.747500,-101.094,5.232295,1.632066,-102.768,5.250306,1.711038,-102.092,0.083342,-0.999,0.999,0.183977,1,1,963
189.790000,188.460000,0.090000,5.163000,1.686448,-104.008,5.216468,1.572139,-106.033,5.235187,1.650929,-105.357,0.080452,-1.349,1.349,0.222088,1,1,964
189.990000,188.660000,0.090000,5.147489,1.627316,-107.847,5.196974,1.513908,-109.805,5.216381,1.592472,-109.129,0.077202,-1.282,1.282,0.211664,1,1,965
190.180000,188.850000,0.080000,5.128029,1.569021,-111.512,5.175068,1.459911,-113.322,5.195113,1.538220,-112.646,0.073817,-1.134,1.134,0.191405,1,1,966
190.380000,189.050000,0.080000,5.103754,1.509679,-114.930,5.146967,1.401141,-116.645,5.167707,1.479123,-115.969,0.070879,-1.040,1.040,0.177964,1,1,967
190.580000,189.250000,0.080000,5.074823,1.449328,-118.345,5.114467,1.342235,-120.082,5.135904,1.419838,-119.406,0.067828,-1.061,1.061,0.178103,1,1,968
190.780000,189.450000,0.080000,5.041625,1.389648,-121.887,5.077683,1.284260,-123.618,5.099806,1.361434,-122.942,0.064661,-1.055,1.055,0.174985,1,1,969
190.970000,189.640000,0.070000,5.003950,1.330827,-125.310,5.038652,1.230119,-126.848,5.061417,1.306836,-126.172,0.062274,-0.862,0.862,0.150424,1,1,970
191.170000,189.840000,0.070000,4.961548,1.272621,-128.492,4.993083,1.173877,-130.003,5.016514,1.250060,-129.327,0.059416,-0.835,0.835,0.144930,1,1,971
191.370000,190.040000,0.070000,4.914596,1.215023,-131.007,4.943200,1.118186,-132.422,4.967290,1.193785,-131.746,0.056813,-0.739,0.739,0.131792,1,1,972
191.570000,190.240000,0.070000,4.864065,1.157811,-132.688,4.890208,1.062929,-134.059,4.914954,1.137907,-133.383,0.054643,-0.695,0.695,0.125062,1,1,973
191.770000,190.440000,0.070000,4.811198,1.101121,-133.756,4.835081,1.008039,-135.079,4.860478,1.082371,-134.404,0.052727,-0.648,0.648,0.118149,1,1,974
191.960000,190.630000,0.060000,4.756657,1.044549,-134.412,4.781303,0.955945,-135.679,4.807318,1.029647,-135.003,0.052808,-0.592,0.592,0.112148,1,1,975
192.160000,190.830000,0.060000,4.700972,0.987934,-134.752,4.723688,0.901021,-136.008,4.750355,0.974046,-135.332,0.051299,-0.580,0.580,0.109509,1,1,976
192.360000,191.030000,0.060000,4.644942,0.931502,-134.824,4.665862,0.846256,-136.068,4.693178,0.918603,-135.392,0.049931,-0.568,0.568,0.106965,1,1,977
192.550000,191.220000,0.050000,4.589158,0.875335,-134.702,4.611203,0.794407,-135.947,4.639135,0.866114,-135.272,0.050821,-0.570,0.570,0.107979,1,1,978
192.750000,191.420000,0.050000,4.533631,0.819132,-134.475,4.553945,0.739756,-135.719,4.582525,0.810792,-135.044,0.049600,-0.569,0.569,0.106719,1,1,979
192.950000,191.620000,0.050000,4.478371,0.762715,-134.188,4.496961,0.684867,-135.432,4.526193,0.755234,-134.756,0.048404,-0.569,0.569,0.105602,1,1,980
193.130000,191.800000,0.030000,4.423315,0.705938,-133.903,4.445840,0.635150,-135.176,4.475661,0.704918,-134.501,0.052356,-0.598,0.598,0.112421,1,1,981
193.330000,192.000000,0.030000,4.382439,0.663418,-133.558,4.389678,0.579903,-134.713,4.420154,0.649012,-134.037,0.040372,-0.479,0.479,0.088644,1,1,982
193.530000,192.200000,0.030000,4.330002,0.608074,-132.701,4.336554,0.526485,-133.624,4.367664,0.594972,-132.949,0.039876,-0.248,0.248,0.066414,1,1,983
193.730000,192.400000,0.030000,4.283199,0.556577,-129.921,4.289710,0.475879,-130.611,4.321420,0.543817,-129.936,0.040295,-0.014,0.014,0.057022,1,1,984
193.920000,192.590000,0.020000,4.241511,0.505554,-126.013,4.250216,0.427664,-126.813,4.282497,0.495140,-126.137,0.042289,-0.124,0.124,0.062328,1,1,985
194.110000,192.780000,0.010000,4.205298,0.454408,-121.595,4.215885,0.379186,-122.581,4.248741,0.446260,-121.905,0.044200,-0.310,0.310,0.076387,1,1,986
194.300000,192.970000,0.000000,4.174705,0.403198,-116.908,4.186752,0.330520,-118.129,4.220184,0.397254,-117.453,0.045866,-0.545,0.545,0.100726,1,1,987
194.500000,193.170000,0.000000,4.149386,0.351741,-112.347,4.166000,0.276438,-112.801,4.200070,0.342931,-112.125,0.051444,0.222,0.222,0.079235,1,1,988
194.690000,193.360000,0.100000,4.129395,0.301822,-107.858,4.147013,0.227463,-108.427,4.181663,0.293735,-107.751,0.052889,0.107,0.107,0.076307,1,1,989
194.900000,193.570000,0.000000,4.113292,0.249877,-102.616,4.131337,0.173871,-103.060,4.166620,0.239963,-102.385,0.054241,0.232,0.232,0.083423,1,1,990
195.090000,193.760000,0.100000,4.102264,0.197988,-97.465,4.121367,0.123016,-98.041,4.157250,0.188993,-97.365,0.055717,0.100,0.100,0.080052,1,1,991
195.290000,193.960000,0.100000,4.095552,0.140840,-92.400,4.115317,0.065662,-92.963,4.151876,0.131572,-92.287,0.057081,0.113,0.113,0.082296,1,1,992
195.490000,194.160000,0.100000,4.093924,0.077944,-88.150,4.113979,0.002666,-88.687,4.151281,0.068565,-88.011,0.058119,0.139,0.139,0.084497,1,1,993
195.690000,194.360000,0.090000,4.095868,0.027103,-85.110,4.117154,-0.063365,-84.798,4.155235,0.002576,-84.122,0.064234,0.988,0.988,0.166616,1,1,994
195.890000,194.560000,0.090000,4.102549,-0.040458,-81.288,4.124959,-0.131179,-80.897,4.163839,-0.065142,-80.221,0.066073,1.066,1.066,0.177413,1,1,995
196.090000,194.760000,0.090000,4.114167,-0.109295,-77.326,4.137822,-0.200488,-76.952,4.177518,-0.134294,-76.276,0.068106,1.049,1.049,0.176928,1,1,996
196.280000,194.950000,0.080000,4.131815,-0.182009,-74.080,4.155441,-0.271100,-74.227,4.195969,-0.204693,-73.551,0.068047,0.529,0.529,0.121883,1,1,997
196.480000,195.150000,0.080000,4.152964,-0.253872,-72.669,4.201389,-0.324545,-73.315,4.242544,-0.257593,-72.639,0.089657,0.030,0.030,0.126864,1,1,998
196.680000,195.350000,0.080000,4.173571,-0.319570,-73.089,4.220138,-0.390121,-74.020,4.262065,-0.322943,-73.344,0.088559,-0.255,0.255,0.130325,1,1,999
196.880000,195.550000,0.080000,4.191923,-0.380849,-75.335,4.235813,-0.451345,-76.508,4.278460,-0.383979,-75.832,0.086594,-0.497,0.497,0.141215,1,1,1000
197.080000,195.750000,0.080000,4.206426,-0.438231,-79.416,4.246976,-0.509317,-80.871,4.290307,-0.441814,-80.195,0.083957,-0.779,0.779,0.162010,1,1,1001
197.280000,195.950000,0.080000,4.216065,-0.493496,-85.029,4.252555,-0.564742,-86.611,4.296539,-0.497170,-85.936,0.080558,-0.906,0.906,0.171488,1,1,1002
197.480000,196.150000,0.080000,4.220047,-0.548211,-90.881,4.252411,-0.619845,-92.462,4.297044,-0.552270,-91.786,0.077104,-0.905,0.905,0.168095,1,1,1003
197.680000,196.350000,0.080000,4.218689,-0.599755,-95.800,4.247670,-0.669677,-97.091,4.292892,-0.602155,-96.415,0.074241,-0.616,0.616,0.136398,1,1,1004
197.870000,196.540000,0.070000,4.214401,-0.641100,-98.944,4.241600,-0.707468,-99.886,4.287268,-0.640015,-99.210,0.072875,-0.266,0.266,0.109698,1,1,1005
198.070000,196.740000,0.070000,4.209593,-0.672874,-101.316,4.235258,-0.738333,-102.246,4.281290,-0.670952,-101.570,0.071724,-0.253,0.253,0.107581,1,1,1006
198.270000,196.940000,0.070000,4.203662,-0.703055,-103.258,4.241115,-0.726225,-103.857,4.287004,-0.658776,-103.181,0.094374,0.077,0.077,0.133906,1,1,1007
198.470000,197.140000,0.070000,4.196703,-0.733089,-105.109,4.232826,-0.756357,-105.665,4.279070,-0.689004,-104.990,0.093423,0.120,0.120,0.133200,1,1,1008
198.670000,197.340000,0.070000,4.188271,-0.764703,-106.637,4.223244,-0.787749,-107.190,4.269860,-0.720507,-106.515,0.092790,0.123,0.123,0.132368,1,1,1009
198.870000,197.540000,0.070000,4.179067,-0.795856,-108.159,4.212907,-0.818646,-108.713,4.259888,-0.751523,-108.038,0.092182,0.122,0.122,0.131498,1,1,1010
199.060000,197.730000,0.060000,4.169148,-0.826505,-109.877,4.202370,-0.847480,-110.352,4.249691,-0.780480,-109.676,0.092766,0.201,0.201,0.134239,1,1,1011
199.260000,197.930000,0.060000,4.158412,-0.856661,-111.847,4.190405,-0.877289,-112.331,4.238078,-0.810428,-111.655,0.092110,0.191,0.191,0.133039,1,1,1012
199.460000,198.130000,0.060000,4.146688,-0.886395,-114.186,4.177334,-0.906587,-114.682,4.225354,-0.839878,-114.006,0.091390,0.180,0.180,0.131720,1,1,1013
199.660000,198.330000,0.060000,4.133679,-0.915842,-116.871,4.162871,-0.935497,-117.378,4.211233,-0.868957,-116.702,0.090625,0.169,0.169,0.130370,1,1,1014
199.860000,198.530000,0.060000,4.119030,-0.945191,-119.857,4.146676,-0.964199,-120.373,4.195377,-0.897848,-119.697,0.089834,0.160,0.160,0.129044,1,1,1015
200.050000,198.720000,0.050000,4.102279,-0.974727,-123.125,4.129267,-0.991522,-123.481,4.178292,-0.925374,-122.805,0.090630,0.320,0.320,0.135919,1,1,1016
200.110000,198.780000,0.010000,4.097702,-0.982156,-123.955,4.084609,-1.050976,-124.976,4.134338,-0.985351,-124.300,0.036775,-0.345,0.345,0.071357,1,1,1017
